;Area;Year;Average dietary energy supply adequacy (percent) (3-year average);Average fat supply (g/cap/day) (3-year average);Average protein supply (g/cap/day) (3-year average);Average supply of protein of animal origin (g/cap/day) (3-year average);Cereal import dependency ratio (percent) (3-year average);Coefficient of variation of habitual caloric consumption distribution (real number);Gross domestic product per capita, PPP, (constant 2017 international $);Incidence of caloric losses at retail distribution level (percent);Minimum dietary energy requirement  (kcal/cap/day);Per capita food production variability (constant 2014-2016 thousand int$ per capita);Per capita food supply variability (kcal/cap/day);Percentage of population using at least basic drinking water services (percent);Percentage of population using at least basic sanitation services (percent);Percentage of population using safely managed drinking water services (percent);Percentage of population using safely managed sanitation services (percent);Rail lines density (total route in km per 100 square km of land area);Share of dietary energy supply derived from cereals, roots and tubers (percent) (3-year average);Value of food imports in total merchandise exports (percent) (3-year average)
0;Afghanistan;2017;108;39.7;58.3;11.3;34.2;0.32;2096.1;3.82;1656;6.7;26;66.8;45.8;25.1;;;72;388
1;Afghanistan;2018;108;40.7;58;10.7;41.3;0.32;2060.7;3.82;1659;5.6;27;69.6;47.4;25.9;;;72;378
2;Afghanistan;2019;107;40.8;57.3;10.3;40.9;0.33;2079.9;3.82;1661;8.5;31;72.4;49;26.8;;;71;311
3;Afghanistan;2020;106;40.4;56.3;10;38.1;0.39;1968.3;3.82;1665;8.6;32;75.1;50.5;27.6;;;71;284
4;Afghanistan;2021;106;;;;;0.39;1516.3;3.82;1667;;31;;;;;;;238
5;Afghanistan;2022;107;;;;;0.39;;3.82;1669;;;;;;;;;
6;Albania;2017;135;115.7;113;60.3;37.6;0.29;12771;2.64;1909;9.4;46;94.1;98.5;70.6;47.1;;36;25
7;Albania;2018;135;117.3;113.3;61;37.3;0.3;13317.1;2.64;1909;4.9;27;94.4;99;70.7;47.4;;36;21
8;Albania;2019;136;116.5;113.7;61.3;38.3;0.29;13653.2;2.64;1908;5.7;14;94.8;99;70.7;47.6;;35;18
9;Albania;2020;135;114.4;113;60;38.5;0.29;13253.8;2.64;1908;7.4;13;95.1;99;70.7;47.7;;35;20
10;Albania;2021;135;;;;;0.29;14516.3;2.64;1909;;13;;;;;;;24
11;Albania;2022;135;;;;;0.29;;2.64;1909;;;;;;;;;
12;Algeria;2017;149;97.3;89.6;25.7;77.4;0.3;11809.5;3.65;1785;9.8;27;93.8;86.5;74.6;18.3;0.2;50;25
13;Algeria;2018;149;95.2;89.3;25;74.3;0.29;11725.9;3.65;1784;12.3;51;94;86.3;73.9;18.1;0.2;50;23
14;Algeria;2019;149;92.3;89.7;24.7;72.5;0.29;11627.3;3.65;1783;5.6;52;94.2;86.1;73.1;17.8;0.2;51;22
15;Algeria;2020;150;93.1;90;24.3;73.8;0.29;10844.8;3.65;1783;7.5;42;94.4;86;72.4;17.6;;51;25
16;Algeria;2021;151;;;;;0.3;11039.8;3.65;1784;;45;;;;;;;28
17;Algeria;2022;152;;;;;0.29;;3.65;1787;;;;;;;;;
18;American Samoa;2017;;;;;;;;3.02;;;;99;54.5;98.4;;;;
19;American Samoa;2018;;;;;;;;3.02;;;;99;54.5;98.4;;;;
20;American Samoa;2019;;;;;;;;3.02;;;;99;54.5;98.4;;;;
21;American Samoa;2020;;;;;;;;3.02;;;;99;54.5;98.4;;;;
22;American Samoa;2021;;;;;;;;3.02;;;;;;;;;;
23;American Samoa;2022;;;;;;;;3.02;;;;;;;;;;
24;Andorra;2017;;;;;;;;3.02;;;;99;99;90.6;99;;;
25;Andorra;2018;;;;;;;;3.02;;;;99;99;90.6;99;;;
26;Andorra;2019;;;;;;;;3.02;;;;99;99;90.6;99;;;
27;Andorra;2020;;;;;;;;3.02;;;;99;99;90.6;99;;;
28;Andorra;2021;;;;;;;;3.02;;;;;;;;;;
29;Andorra;2022;;;;;;;;3.02;;;;;;;;;;
30;Angola;2017;116;59.7;52.7;16;43.6;0.3;7216.1;3.2;1666;20.3;90;55.8;49.9;;;;60;8
31;Angola;2018;116;59.1;52;15.3;41.8;0.3;6878.6;3.2;1668;17.8;97;56.6;51.1;;;;61;7
32;Angola;2019;115;58.3;50.9;14.6;41.8;0.31;6602.4;3.2;1670;1.9;78;56.9;51.4;;;;61;7
33;Angola;2020;114;56.8;48.9;13.3;42.9;0.35;6032.3;3.2;1672;2.7;27;57.2;51.7;;;;62;7
34;Angola;2021;113;;;;;0.36;5908.6;3.2;1674;;8;;;;;;;7
35;Angola;2022;114;;;;;0.36;;3.2;1676;;;;;;;;;
36;Antigua and Barbuda;2017;;92.7;78.3;50;100;0.24;20777.9;4.18;1904;7.1;;96.7;87.5;;;;32;96
37;Antigua and Barbuda;2018;;92.6;79;50.3;98.8;0.24;22085.3;4.18;1902;4.3;;;;;;;32;98
38;Antigua and Barbuda;2019;;92.8;80.3;51.3;94.7;0.24;23035.7;4.18;1904;2.7;;;;;;;31;122
39;Antigua and Barbuda;2020;;90.6;81;52.3;97.5;0.24;18275.7;4.18;1906;2.4;;;;;;;33;251
40;Antigua and Barbuda;2021;;;;;;0.24;19124.4;4.18;1904;;;;;;;;;401
41;Antigua and Barbuda;2022;;;;;;0.24;;4.18;1906;;;;;;;;;
42;Argentina;2017;132;119.3;105;67;-152.3;0.26;23597.1;2.49;1867;64.1;34;;;;;0.6;36;3
43;Argentina;2018;132;119.5;105.7;67.3;-167.5;0.27;22747.2;2.49;1869;44.2;33;;;;;0.6;36;5
44;Argentina;2019;134;121.1;108.7;68;-133.4;0.28;22071.7;2.49;1871;74.2;33;;;;;0.6;35;5
45;Argentina;2020;135;122.8;111.7;68.3;-139;0.28;19685.2;2.49;1874;81.6;32;;;;;;35;6
46;Argentina;2021;136;;;;;0.28;21527.2;2.49;1878;;11;;;;;;;5
47;Argentina;2022;137;;;;;0.28;;2.49;1881;;;;;;;;;
48;Armenia;2017;135;98.5;101.7;48;47.9;0.2;12509.6;2.56;1868;35.7;42;99;93.5;85.4;64.6;2.3;42;29
49;Armenia;2018;135;99.1;101.7;48.7;55;0.2;13231.4;2.56;1865;31.4;65;99;93.7;85.9;66.1;2.3;43;26
50;Armenia;2019;137;100.6;101;48.3;73;0.2;14317.6;2.56;1864;46.9;60;99;93.9;86.4;67.8;2.3;43;25
51;Armenia;2020;139;100.2;100;47;73.5;0.21;13357.7;2.56;1864;53.2;47;99;93.9;86.9;69.3;2.3;44;24
52;Armenia;2021;141;;;;;0.2;14193.1;2.56;1865;;38;;;;;;;24
53;Armenia;2022;144;;;;;0.2;;2.56;1864;;;;;;;;;
54;Australia;2017;141;159.7;107.3;73;-189.9;0.21;48400.2;2.12;1912;32.8;46;99;99;;71.4;;24;5
55;Australia;2018;140;160.1;107;72.3;-181.2;0.21;49052.8;2.12;1912;55.1;36;99;99;;72.3;;24;5
56;Australia;2019;140;160.2;107.7;71.7;-134.9;0.21;49379.1;2.12;1913;71;29;99;99;;73.3;;24;5
57;Australia;2020;140;159.1;110.4;73;-132.6;0.21;48747.9;2.12;1913;109.3;26;99;99;;74.3;;24;5
58;Australia;2021;139;;;;;0.22;49774.3;2.12;1915;;38;;;;;;;5
59;Australia;2022;137;;;;;0.22;;2.12;1915;;;;;;;;;
60;Austria;2017;147;163.8;107.7;64.3;14.5;0.2;54173;1.86;1945;18.1;52;99;99;98.9;99;5.9;28;7
61;Austria;2018;147;164.6;108.3;65;14.9;0.2;55217.3;1.86;1943;17.2;35;99;99;98.9;99;5.9;28;7
62;Austria;2019;149;170;108.3;64.3;17.1;0.2;55806.4;1.86;1942;15.4;18;99;99;98.9;99;5.9;28;7
63;Austria;2020;149;176.1;108;64;17.8;0.2;51988.4;1.86;1941;8.5;33;99;99;98.9;99;5.9;27;7
64;Austria;2021;150;;;;;0.21;54121.1;1.86;1940;;33;;;;;;;7
65;Austria;2022;150;;;;;0.21;;1.86;1938;;;;;;;;;
66;Azerbaijan;2017;127;72.8;91.7;33;35.5;0.21;14121.4;2.44;1854;13;35;93.9;96.1;86.4;22.8;2.5;56;9
67;Azerbaijan;2018;129;76.8;92.3;33.3;32.9;0.21;14209.6;2.44;1858;10.7;21;94.7;96.1;87.1;21.9;2.5;55;9
68;Azerbaijan;2019;132;81.3;94;33.7;31.9;0.21;14442;2.44;1861;6.9;27;95.4;96.1;87.7;21;2.5;55;8
69;Azerbaijan;2020;135;84.7;95.7;34;31.5;0.21;13726.8;2.44;1864;10.6;62;96;;88.3;;2.6;54;9
70;Azerbaijan;2021;138;;;;;0.21;14431.7;2.44;1869;;77;;;;;;;10
71;Azerbaijan;2022;139;;;;;0.21;;2.44;1873;;;;;;;;;
72;Bahamas;2017;;98.6;82.7;53.7;97.5;0.21;34357.3;4.07;1912;0.9;;98.9;94.9;;;;29;109
73;Bahamas;2018;;100.4;81.7;52.7;98.3;0.21;34735.1;4.07;1915;1.1;;98.9;94.9;;;;29;103
74;Bahamas;2019;;103.1;80;52;100;0.21;35161.8;4.07;1915;1;;98.9;94.9;;;;28;94
75;Bahamas;2020;;103.7;78.7;51.3;99;0.21;26659.2;4.07;1919;1;;;;;;;28;96
76;Bahamas;2021;;;;;;0.21;30210.2;4.07;1921;;;;;;;;;75
77;Bahamas;2022;;;;;;0.21;;4.07;1924;;;;;;;;;
78;Bahrain;2017;;;;;;0.11;48929.4;3.02;1939;6.5;;99;99;99;88.8;;;11
79;Bahrain;2018;;;;;;0.11;48937.7;3.02;1940;8.3;;99;99;99;90;;;10
80;Bahrain;2019;;;31;16.5;;0.11;49769;3.02;1938;8.4;;99;99;99;91.2;;;9
81;Bahrain;2020;;;62;33.6;;0.11;47847.8;3.02;1935;8.9;;99;99;99;91.2;;;10
82;Bahrain;2021;;;;;;0.11;49387.4;3.02;1933;;;;;;;;;9
83;Bahrain;2022;;;;;;0.11;;3.02;1934;;;;;;;;;
84;Bangladesh;2017;109;33.4;58;11.7;12;0.26;4830.8;2.64;1775;3.6;31;97.4;49.7;57.2;35.7;1.9;78;21
85;Bangladesh;2018;109;33.7;59;12;12.9;0.26;5124.5;2.64;1781;3.7;31;97.5;51.2;57.6;36.7;1.9;78;19
86;Bangladesh;2019;110;34.2;60;12;12.3;0.25;5467.2;2.64;1784;3.6;38;97.6;52.7;58;37.7;1.9;78;20
87;Bangladesh;2020;111;34.7;60.7;12.3;11.2;0.25;5591.4;2.64;1786;3.6;38;97.7;54.2;58.5;38.7;;77;22
88;Bangladesh;2021;111;;;;;0.26;5911;2.64;1788;;34;;;;;;;25
89;Bangladesh;2022;113;;;;;0.26;;2.64;1790;;;;;;;;;
90;Barbados;2017;125;94;87.3;49.3;100;0.22;16199;3.38;1902;6.9;41;98.5;97.3;;;;33;62
91;Barbados;2018;124;92.3;87.7;49.3;100;0.22;16003.9;3.38;1905;8.3;45;98.5;97.3;;;;33;64
92;Barbados;2019;125;92.2;88;50;100;0.22;15954.8;3.38;1907;12.6;38;98.5;98.1;;;;33;69
93;Barbados;2020;126;94.8;88;50;100;0.22;13805.8;3.38;1909;12.3;34;98.5;98.1;;;;33;77
94;Barbados;2021;127;;;;;0.22;13754.8;3.38;1910;;24;;;;;;;84
95;Barbados;2022;129;;;;;0.22;;3.38;1914;;;;;;;;;
96;Belarus;2017;131;131.4;88.3;48;-0.5;0.21;18356.1;2.49;1888;36.9;37;96.5;97.8;94.5;74.6;2.6;37;13
97;Belarus;2018;132;131.2;89;49;3.2;0.21;18974.7;2.49;1887;22.4;36;96.5;97.9;94.6;74.4;2.6;36;11
98;Belarus;2019;133;133;93;52.7;9.3;0.2;19279.2;2.49;1888;24.1;33;96.5;97.9;94.6;74.1;2.6;36;10
99;Belarus;2020;134;132.6;97.7;57;9.4;0.2;19225.6;2.49;1888;21.3;18;96.5;97.9;94.6;73.9;2.6;36;10
100;Belarus;2021;134;;;;;0.2;19751.2;2.49;1890;;25;;;;;;;9
101;Belarus;2022;135;;;;;0.2;;2.49;1890;;;;;;;;;
102;Belgium;2017;149;166.2;98.3;57.7;65.2;0.2;50442.3;1.82;1947;29.9;34;99;99;99;86.2;11.8;28;7
103;Belgium;2018;149;165.2;98.3;57.7;68.2;0.2;51113.5;1.82;1947;22.7;33;99;99;99;87.1;11.8;28;7
104;Belgium;2019;151;169.1;99.7;58.7;65.5;0.2;51977.2;1.82;1947;25.4;31;99;99;99;87.9;11.8;27;7
105;Belgium;2020;152;173.4;101.7;61;65.1;0.2;48978.9;1.82;1948;20.7;35;99;99;99;88.8;11.8;26;7
106;Belgium;2021;152;;;;;0.2;51739.5;1.82;1949;;31;;;;;;;7
107;Belgium;2022;152;;;;;0.21;;1.82;1949;;;;;;;;;
108;Belize;2017;120;74.5;68;25.7;17.5;0.25;8873.8;3.34;1765;25.6;39;98;87.9;;;;40;26
109;Belize;2018;121;80;69;27.4;16.7;0.25;8798.5;3.34;1769;21.4;24;98.4;88.2;;;;39;28
110;Belize;2019;123;89.9;69.4;30.1;18.3;0.25;9028.6;3.34;1772;21.7;26;98.4;88.2;;;;38;29
111;Belize;2020;125;96.1;71.3;32;21.4;0.25;7703.1;3.34;1777;23.5;40;98.4;88.2;;;;37;30
112;Belize;2021;125;;;;;0.25;8762.6;3.34;1783;;41;;;;;;;32
113;Belize;2022;124;;;;;0.25;;3.34;1787;;;;;;;;;
114;Benin;2017;121;51.5;65.6;14.6;51.8;0.29;2933.8;1.72;1717;15.5;17;65.1;15.6;;;;68;68
115;Benin;2018;120;51.3;64.3;13.3;49.3;0.3;3040.2;1.72;1718;16.5;21;65.2;16.1;;;;68;68
116;Benin;2019;121;52.9;64.7;12.3;46.3;0.32;3156.4;1.72;1719;13.4;27;65.3;16.5;;;;68;52
117;Benin;2020;122;56.2;65.4;11.7;42.2;0.32;3186.5;1.72;1721;7.7;18;65.4;17;;;;67;39
118;Benin;2021;124;;;;;0.32;3321.6;1.72;1722;;26;;;;;;;30
119;Benin;2022;126;;;;;0.33;;1.72;1724;;;;;;;;;
120;Bermuda;2017;;;;;;0.24;81835;3.02;1907;;;99;99;;;;;
121;Bermuda;2018;;;;;;0.24;81423.4;3.02;1908;;;99;99;;;;;
122;Bermuda;2019;;;;;;0.24;81681.7;3.02;1910;;;99;99;;;;;
123;Bermuda;2020;;;;;;0.24;76117.8;3.02;1911;;;99;99;;;;;
124;Bermuda;2021;;;;;;0.24;80271.1;3.02;1909;;;;;;;;;
125;Bermuda;2022;;;;;;0.24;;3.02;1909;;;;;;;;;
126;Bhutan;2017;;;;;;0.21;10986.9;3.02;1815;15.7;;97.2;72.6;36.2;63.5;;;22
127;Bhutan;2018;;;;;;0.21;11233.8;3.02;1821;19;;97.3;73.9;36.3;64;;;23
128;Bhutan;2019;;;29.5;10.4;;0.21;11797.3;3.02;1828;18.4;;97.3;75.2;36.5;64.6;;;24
129;Bhutan;2020;;;59.5;20.7;;0.21;10547.1;3.02;1833;16.7;;97.3;76.5;36.6;65.2;;;24
130;Bhutan;2021;;;;;;0.21;10907.9;3.02;1836;;;;;;;;;24
131;Bhutan;2022;;;;;;0.21;;3.02;1840;;;;;;;;;
132;Bolivia (Plurinational State of);2017;104;64;73.3;35;18.1;0.24;8244.9;2.25;1756;6.5;25;91.7;60.2;;48.5;;49;8
133;Bolivia (Plurinational State of);2018;105;64.6;73.7;35;20;0.24;8466.3;2.25;1758;12.8;27;92.3;62.1;;49.9;;49;8
134;Bolivia (Plurinational State of);2019;106;65.8;74.7;35.3;18.9;0.24;8528.7;2.25;1760;13.1;30;92.8;63.9;;51.4;;48;8
135;Bolivia (Plurinational State of);2020;106;65.3;75;34.7;17.1;0.24;7679.9;2.25;1763;13.4;20;93.4;65.8;;52.9;;49;8
136;Bolivia (Plurinational State of);2021;105;;;;;0.29;8052.2;2.25;1765;;18;;;;;;;7
137;Bolivia (Plurinational State of);2022;104;;;;;0.29;;2.25;1768;;;;;;;;;
138;Bosnia and Herzegovina;2017;128;86;97.3;36.3;34.9;0.21;13400;2.4;1925;34.6;74;96.1;95.4;88.8;38.6;0.8;46;26
139;Bosnia and Herzegovina;2018;129;87;98;36.7;30.7;0.21;14064.3;2.4;1923;36;52;96.1;95.4;88.9;40.3;2;46;24
140;Bosnia and Herzegovina;2019;130;88.3;99;37;30.7;0.21;14632.1;2.4;1920;42.9;28;96.1;;88.9;;2;45;24
141;Bosnia and Herzegovina;2020;131;88.8;100.7;37.3;25;0.22;14356.4;2.4;1920;34.4;32;96.1;;88.9;;;45;24
142;Bosnia and Herzegovina;2021;133;;;;;0.23;15663.7;2.4;1918;;37;;;;;;;23
143;Bosnia and Herzegovina;2022;136;;;;;0.22;;2.4;1919;;;;;;;;;
144;Botswana;2017;103;68.1;72;29;86.4;0.34;14656.8;1.54;1814;25.3;26;90.3;77.3;;;0.2;53;9
145;Botswana;2018;103;67.3;70.7;28;89.3;0.34;14962.1;1.54;1816;14.5;32;91.2;78.5;;;0.2;54;9
146;Botswana;2019;103;67;70;27;91.2;0.34;15118;1.54;1818;7.6;44;92.1;79.8;;;0.2;54;11
147;Botswana;2020;104;68.3;70.7;27.7;81.6;0.37;13545.7;1.54;1820;12.5;36;92.2;80;;;0.2;54;13
148;Botswana;2021;107;;;;;0.37;14840.9;1.54;1824;;22;;;;;;;14
149;Botswana;2022;109;;;;;0.36;;1.54;1827;;;;;;;;;
150;Brazil;2017;132;125;93;52.3;-22.5;0.24;14477.9;3.35;1887;25.3;37;98.5;87.7;83.5;45.9;;32;4
151;Brazil;2018;133;125.8;94.3;53.3;-17.5;0.24;14619.6;3.35;1887;25.8;39;98.7;88.5;84.3;46.8;;33;4
152;Brazil;2019;133;129.5;94;54.3;-26.1;0.24;14685.1;3.35;1887;24.1;37;98.9;89.3;85.1;47.8;;32;4
153;Brazil;2020;134;134.5;93.7;55;-28.3;0.27;14022;3.35;1888;23.9;26;99;90.1;85.8;48.7;;31;4
154;Brazil;2021;134;;;;;0.3;14592.4;3.35;1889;;27;;;;;;;4
155;Brazil;2022;134;;;;;0.29;;3.35;1889;;;;;;;;;
156;Brunei Darussalam;2017;;;;;;0.21;60173.1;1.59;1866;6.7;;99;;;;;;7
157;Brunei Darussalam;2018;;;;;;0.21;59650.2;1.59;1868;7.8;;99;;;;;;7
158;Brunei Darussalam;2019;;;;;;0.21;61424.4;1.59;1869;3.9;;99;;;;;;6
159;Brunei Darussalam;2020;;;;;;0.21;61603.6;1.59;1869;4.5;;99;;;;;;6
160;Brunei Darussalam;2021;;;;;;0.21;60127;1.59;1870;;;;;;;;;5
161;Brunei Darussalam;2022;;;;;;0.21;;1.59;1869;;;;;;;;;
162;Bulgaria;2017;112;92.8;83.7;40;-189.5;0.19;21470;1.5;1911;42.4;42;99;86;97.4;66.8;3.6;42;9
163;Bulgaria;2018;113;97.4;84.3;41;-195.2;0.19;22206.2;1.5;1912;22.7;42;99;86;97.5;68.6;3.6;41;9
164;Bulgaria;2019;114;105;83;42;-160.5;0.19;23266.1;1.5;1912;14.8;39;99;86;97.5;70.4;3.6;39;9
165;Bulgaria;2020;116;115.8;80.7;41.7;-268.8;0.21;22479.6;1.5;1912;13.8;26;99;86;97.6;72.2;3.6;36;10
166;Bulgaria;2021;117;;;;;0.2;24393.8;1.5;1912;;14;;;;;;;10
167;Bulgaria;2022;119;;;;;0.2;;1.5;1913;;;;;;;;;
168;Burkina Faso;2017;120;63.8;79;11;10.4;0.34;1978.2;1.63;1721;9.2;17;49;20.6;;;0.2;64;15
169;Burkina Faso;2018;120;63.7;79;11;10.9;0.34;2051.2;1.63;1725;18.8;26;48.4;21;;;0.2;65;14
170;Burkina Faso;2019;120;65;84.1;14.1;9.1;0.34;2110.1;1.63;1729;17;19;47.8;21.3;;;0.2;62;13
171;Burkina Faso;2020;120;66.1;89.1;16.4;6.4;0.37;2093.7;1.63;1733;17.8;18;47.2;21.7;;;0.2;59;11
172;Burkina Faso;2021;120;;;;;0.37;2179.8;1.63;1737;;27;;;;;;;10
173;Burkina Faso;2022;120;;;;;0.37;;1.63;1741;;;;;;;;;
174;Burundi;2017;;15.2;39.7;2;23.9;0.28;750.8;1.51;1642;19.7;;60.8;45.8;;;;64;70
175;Burundi;2018;;15.3;40.7;2;25.6;0.28;740.4;1.51;1648;16.8;;61.5;45.8;;;;64;74
176;Burundi;2019;;15.5;41.3;2.3;26;0.28;729.7;1.51;1655;11.5;;62.1;45.7;;;;64;74
177;Burundi;2020;;15.7;41;2.3;22.9;0.28;711.4;1.51;1661;15.4;;62.2;45.7;;;;64;73
178;Burundi;2021;;;;;;0.28;705;1.51;1667;;;;;;;;;77
179;Burundi;2022;;;;;;0.28;;1.51;1673;;;;;;;;;
180;Cabo Verde;2017;99;65;69.7;26;98;0.26;6320.3;1.85;1863;2.8;12;87.1;74.1;;;;52;
181;Cabo Verde;2018;100;65.5;70.3;25.7;98.6;0.26;6534.5;1.85;1865;3;7;87.6;75.8;;;;53;
182;Cabo Verde;2019;101;65.3;71;25.3;100;0.25;6835.1;1.85;1867;7.9;27;88.2;77.5;;;;52;365
183;Cabo Verde;2020;102;67.5;71;24.7;100;0.25;5768.5;1.85;1868;8.6;37;88.8;79.1;;;;52;350
184;Cabo Verde;2021;102;;;;;0.25;6114.1;1.85;1870;;38;;;;;;;389
185;Cabo Verde;2022;101;;;;;0.25;;1.85;1870;;;;;;;;;
186;Cambodia;2017;117;37.7;65;18.7;-7;0.23;3972.7;2.9;1773;21.8;29;69.7;59.3;26;;;69;6
187;Cambodia;2018;118;38;65.7;19;-7;0.23;4217.6;2.9;1775;13.9;24;70.3;62.5;26.6;;;69;6
188;Cambodia;2019;120;38;65;19;-6.7;0.23;4464.3;2.9;1776;9.4;27;70.8;65.6;27.2;;;69;6
189;Cambodia;2020;122;37.8;64.7;19;-7.1;0.24;4276.2;2.9;1778;9.7;39;71.2;68.8;27.8;;;69;6
190;Cambodia;2021;123;;;;;0.25;4354.6;2.9;1781;;40;;;;;;;6
191;Cambodia;2022;123;;;;;0.23;;2.9;1783;;;;;;;;;
192;Cameroon;2017;125;56.6;72.3;12;29.4;0.26;3691.1;3.19;1735;3.6;70;64.7;43.4;;;0.2;55;25
193;Cameroon;2018;124;56;72;11.3;28.9;0.26;3732.5;3.19;1744;9.4;62;65;43.8;;;0.2;56;25
194;Cameroon;2019;125;55.3;71.7;11;31;0.26;3756.5;3.19;1746;10.9;28;65.4;44.2;;;0.2;56;25
195;Cameroon;2020;126;54.9;72;11;31.4;0.26;3665.5;3.19;1748;11;37;65.7;44.6;;;0.2;57;26
196;Cameroon;2021;126;;;;;0.27;3700.5;3.19;1751;;47;;;;;;;28
197;Cameroon;2022;124;;;;;0.26;;3.19;1753;;;;;;;;;
198;Canada;2017;143;157.8;101;54.7;-84;0.2;48317.2;2.09;1920;65.8;30;99;99;98.9;83.6;0.5;27;7
199;Canada;2018;144;158.1;104.4;56.4;-79.6;0.2;48962.5;2.09;1920;52.1;27;99;99;99;84;0.5;28;7
200;Canada;2019;144;158.4;106;58.4;-84.7;0.2;49171.5;2.09;1919;50;27;99;99;99;84.4;0.5;28;7
201;Canada;2020;144;159.8;106.7;59.7;-85.6;0.21;46064.3;2.09;1919;33.5;28;99;99;99;84.4;0.5;29;7
202;Canada;2021;145;;;;;0.21;47892.9;2.09;1919;;25;;;;;;;7
203;Canada;2022;146;;;;;0.21;;2.09;1919;;;;;;;;;
204;Central African Republic;2017;85;56.5;49.4;20;24.9;0.29;839.6;1.98;1665;4.7;65;40.2;15.2;6.5;14.6;;54;66
205;Central African Republic;2018;86;59.1;50.7;20;;0.29;854.6;1.98;1666;3.8;44;39.2;14.8;6.4;14.3;;53;58
206;Central African Republic;2019;87;59.7;50.7;20.3;;0.29;861.8;1.98;1666;3.5;54;38.2;14.5;6.3;13.9;;52;58
207;Central African Republic;2020;87;58.6;50;20.3;;0.29;847.8;1.98;1668;3.5;68;37.2;14.1;6.2;13.6;;52;61
208;Central African Republic;2021;86;;;;;0.29;837.5;1.98;1668;;55;;;;;;;58
209;Central African Republic;2022;84;;;;;0.29;;1.98;1668;;;;;;;;;
210;Chad;2017;108;65.7;77;25.3;5.5;0.36;1579.8;3.09;1694;23.4;62;45.1;11.4;5.6;9.6;;62;9
211;Chad;2018;109;65.9;77.7;25.7;4.6;0.36;1563.5;3.09;1697;8.8;44;45.5;11.6;5.6;9.8;;62;9
212;Chad;2019;108;66.5;78;26.3;4;0.36;1562;3.09;1699;7.2;21;45.8;11.8;5.6;10;;62;8
213;Chad;2020;106;66.3;77.7;26.7;3.8;0.36;1489.2;3.09;1701;7;20;46.2;12.1;5.6;10.1;;61;7
214;Chad;2021;104;;;;;0.36;1425.5;3.09;1703;;14;;;;;;;7
215;Chad;2022;102;;;;;0.36;;3.09;1705;;;;;;;;;
216;Chile;2017;122;90.6;89.4;47.3;41.4;0.22;24546.9;2.47;1880;17.1;19;99;99;98.8;74.4;0.3;42;7
217;Chile;2018;123;90.7;91.4;48.3;42.9;0.22;25072;2.47;1882;18.2;12;99;99;98.8;75.7;0.3;43;8
218;Chile;2019;123;92.5;92.3;48.3;48.1;0.23;24816.6;2.47;1883;21;11;99;99;98.8;77.2;0.3;43;8
219;Chile;2020;125;95.8;92.7;48.3;53.9;0.23;23017.7;2.47;1884;21.2;13;99;99;98.8;78.6;0.3;42;8
220;Chile;2021;126;;;;;0.23;25449.1;2.47;1885;;16;;;;;;;9
221;Chile;2022;126;;;;;0.23;;2.47;1885;;;;;;;;;
222;China;2017;131;100.7;102.5;40;4.7;;14532.4;;1875;5.1;13;;;;;;51;4
223;China;2018;132;102.1;103.5;40.3;4.2;;15426.8;;1874;6;13;;;;;;51;4
224;China;2019;132;102.4;104.5;40.7;3.8;;16256;;1876;6.9;14;;;;;;51;4
225;China;2020;133;103.2;105.1;41.1;4.3;;16522.3;;1880;8.6;19;;;;;;51;5
226;China;2021;135;;;;;;17846.7;;1885;;16;;;;;;;5
227;China;2022;137;;;;;;;;1889;;;;;;;;;
252;Colombia;2017;130;87.6;69.3;36;61.7;0.27;14334.9;2.83;1823;6.7;42;96.9;90.9;72.7;17.9;;34;13
253;Colombia;2018;130;89;70.4;36.3;61.2;0.27;14426.4;2.83;1825;12.6;30;97.1;91.8;72.9;18;;34;13
254;Colombia;2019;129;89.9;72;37;62.8;0.28;14616.1;2.83;1826;12.9;32;97.3;92.8;73;18.2;;35;12
255;Colombia;2020;130;90;72.7;37.3;63.6;0.31;13387.7;2.83;1828;12.9;47;97.5;93.7;73;18.3;;36;13
256;Colombia;2021;130;;;;;0.31;14648.6;2.83;1828;;40;;;;;;;15
257;Colombia;2022;132;;;;;0.31;;2.83;1829;;;;;;;;;
258;Comoros;2017;111;62.4;55.3;14.7;;0.26;3240.2;1.51;1738;3.5;24;80.2;35.9;;;;57;422
259;Comoros;2018;112;61.9;55;14.3;73.2;0.26;3294.8;1.51;1740;3.7;20;80.2;35.9;;;;57;233
260;Comoros;2019;112;60.3;54.3;14.7;;0.26;3290.7;1.51;1743;3.4;20;80.2;35.9;;;;56;192
261;Comoros;2020;112;59.7;54.7;15.7;;0.26;3222.4;1.51;1745;2.7;19;;;;;;56;257
262;Comoros;2021;111;;;;;0.26;3228.5;1.51;1749;;16;;;;;;;296
263;Comoros;2022;109;;;;;0.26;;1.51;1751;;;;;;;;;
264;Congo;2017;97;47.9;51;24;87.2;0.27;4073.9;3.21;1733;2.7;54;73.2;20.2;45.4;;;61;6
265;Congo;2018;96;48.5;51.7;25;92.2;0.28;3786.4;3.21;1736;3;21;73.4;20.3;45.5;;;60;6
266;Congo;2019;97;49.3;52.7;25.3;93.3;0.29;3695.1;3.21;1738;2.9;23;73.6;20.4;45.7;;;61;6
267;Congo;2020;97;52.1;52.3;25;96.2;0.3;3384.7;3.21;1742;2.6;27;73.8;20.5;45.9;;;60;8
268;Congo;2021;98;;;;;0.35;3234.4;3.21;1747;;20;;;;;;;9
269;Congo;2022;98;;;;;0.36;;3.21;1751;;;;;;;;;
270;Cook Islands;2017;;;;;;;;3.02;;6.4;;99;98.7;;;;;216
271;Cook Islands;2018;;;;;;;;3.02;;2.6;;99;99;;;;;225
272;Cook Islands;2019;;;;;;;;3.02;;2.8;;99;99;;;;;219
273;Cook Islands;2020;;;;;;;;3.02;;5.4;;99;99;;;;;202
274;Cook Islands;2021;;;;;;;;3.02;;;;;;;;;;206
275;Cook Islands;2022;;;;;;;;3.02;;;;;;;;;;
276;Costa Rica;2017;121;99.2;78;43.7;85.7;0.22;20168.2;3.39;1879;7.3;35;99;97.4;80.5;31;;32;19
277;Costa Rica;2018;123;102.3;80;45;85.8;0.22;20503.3;3.39;1880;11.1;46;99;97.6;80.5;30.5;;32;18
278;Costa Rica;2019;123;104.5;82;46.7;87.5;0.22;20818.1;3.39;1882;12.4;40;99;97.8;80.5;30.3;;32;16
279;Costa Rica;2020;124;104.3;83.3;47.7;89.5;0.23;19824.3;3.39;1884;15.4;33;99;97.9;80.5;30.2;;33;15
280;Costa Rica;2021;124;;;;;0.23;21199.3;3.39;1886;;15;;;;;;;14
281;Costa Rica;2022;125;;;;;0.23;;3.39;1887;;;;;;;;;
282;Croatia;2017;124;113.8;88.7;51.3;-26;0.21;27207;2.03;1914;39.7;53;;96.5;;71.7;3;32;17
283;Croatia;2018;125;115.1;90.3;53;-26.9;0.21;28220;2.03;1913;37.8;51;;96.5;;70.4;3;31;17
284;Croatia;2019;126;117.2;92;55.3;-31.1;0.21;29347.5;2.03;1913;40;50;;96.6;;69.1;3;30;17
285;Croatia;2020;128;119.1;93.3;56;-44.8;0.22;26945.9;2.03;1911;36.8;34;;96.6;;67.8;3;30;17
286;Croatia;2021;130;;;;;0.21;31630.2;2.03;1911;;28;;;;;;;17
287;Croatia;2022;131;;;;;0.21;;2.03;1911;;;;;;;;;
288;Cuba;2017;140;69.8;85;31.7;;0.23;;3.31;1883;22.8;48;96.3;90.7;;37;;48;71
289;Cuba;2018;140;71.7;86.3;33;;0.23;;3.31;1883;22.4;61;96.5;90.9;;36.9;;47;77
290;Cuba;2019;140;73.2;85;33.7;;0.23;;3.31;1883;18.1;60;96.8;91.1;;36.8;;46;79
291;Cuba;2020;139;76.3;84;34.7;77.7;0.23;;3.31;1883;13;51;97;91.4;;36.6;;45;85
292;Cuba;2021;135;;;;;0.23;;3.31;1884;;21;;;;;;;101
293;Cuba;2022;131;;;;;0.23;;3.31;1883;;;;;;;;;
294;Cyprus;2017;117;114.5;92;46;96.1;0.18;38415.1;1.5;1945;11.4;52;99;99;99;77;;41;29
295;Cyprus;2018;117;115.9;91.7;46;99.6;0.18;40092.7;1.5;1946;13.9;34;99;99;99;77.1;;41;26
296;Cyprus;2019;118;119;93.7;48.7;98.1;0.18;41739.5;1.5;1944;11.3;25;99;99;99;77.1;;40;26
297;Cyprus;2020;119;120.8;95;50.7;98.4;0.18;39464.5;1.5;1943;7.6;31;99;99;99;77.1;;39;27
298;Cyprus;2021;119;;;;;0.18;41694.3;1.5;1942;;26;;;;;;;30
299;Cyprus;2022;119;;;;;0.18;;1.5;1942;;;;;;;;;
300;Czechia;2017;128;134.4;87;51;-78.4;0.2;38824.9;1.71;1939;37.6;71;99;99;97.9;83.6;11.9;30;4
301;Czechia;2018;130;141.4;86.7;51.7;-71.2;0.2;39941.3;1.71;1938;21.9;69;99;99;97.9;84.2;11.9;28;4
302;Czechia;2019;131;145.8;86.3;52.7;-55.1;0.2;40989.7;1.71;1937;23.2;59;99;99;97.9;84.7;11.9;27;4
303;Czechia;2020;132;149.6;87.7;54;-42;0.21;38640;1.71;1937;22.6;63;99;99;97.9;85.2;11.9;26;4
304;Czechia;2021;133;;;;;0.21;40741;1.71;1938;;18;;;;;;;4
305;Czechia;2022;134;;;;;0.21;;1.71;1939;;;;;;;;;
306;Côte d'Ivoire;2017;125;47.8;59.7;13.7;39.5;0.32;4750.9;1.71;1728;16.2;29;71;32.2;35;;0.2;72;11
307;Côte d'Ivoire;2018;126;47.3;60.4;14;41.4;0.32;4949.6;1.71;1731;15.8;27;71;33.1;35.1;;0.2;72;12
308;Côte d'Ivoire;2019;127;48.8;61.3;15;42.3;0.32;5126.6;1.71;1734;11.5;24;70.9;33.9;35.1;;0.2;72;12
309;Côte d'Ivoire;2020;129;50.2;62;15.3;45;0.32;5098.6;1.71;1736;12.8;7;70.9;34.6;35.2;;0.2;71;13
310;Côte d'Ivoire;2021;130;;;;;0.32;5325;1.71;1739;;10;;;;;;;12
311;Côte d'Ivoire;2022;131;;;;;0.33;;1.71;1742;;;;;;;;;
312;Democratic People's Republic of Korea;2017;86;36.2;55.3;10;18.8;0.26;;1.58;1860;4.4;12;94.5;83.2;66.6;;;68;25
313;Democratic People's Republic of Korea;2018;85;36;54.3;10;19;0.26;;1.58;1859;5.7;14;94.2;83.9;66.5;;;68;45
314;Democratic People's Republic of Korea;2019;85;37;54;10;17.9;0.26;;1.58;1858;5.9;23;93.8;84.6;66.3;;;68;106
315;Democratic People's Republic of Korea;2020;84;38.4;53.3;10;17.8;0.26;;1.58;1857;8.1;27;93.8;84.7;66.4;;;67;360
316;Democratic People's Republic of Korea;2021;84;;;;;0.26;;1.58;1856;;27;;;;;;;458
317;Democratic People's Republic of Korea;2022;83;;;;;0.26;;1.58;1855;;;;;;;;;
318;Democratic Republic of the Congo;2017;103;26;30.7;3;17.8;0.36;1023.5;3.31;1658;5.7;29;44;16.6;17.3;14.1;0.2;78;10
319;Democratic Republic of the Congo;2018;103;25.4;30.3;3;17.8;0.36;1048.2;3.31;1658;6.1;29;44.6;16.2;17.9;13.6;0.2;78;5
320;Democratic Republic of the Congo;2019;103;25.2;30.3;3;19.7;0.36;1059.9;3.31;1657;5.7;27;45.3;15.8;18.4;13.2;0.2;79;4
321;Democratic Republic of the Congo;2020;102;24.2;29.7;3;19.8;0.36;1044.1;3.31;1658;3;24;46;15.4;19;12.7;0.2;79;4
322;Democratic Republic of the Congo;2021;101;;;;;0.36;1073.6;3.31;1658;;26;;;;;;;4
323;Democratic Republic of the Congo;2022;99;;;;;0.36;;3.31;1659;;;;;;;;;
324;Denmark;2017;132;132.8;112.7;74;-17.5;0.2;55356.7;2.04;1950;23.5;13;99;99;96.7;91.4;;29;8
325;Denmark;2018;133;134.6;115.3;77;-13;0.2;56178.8;2.04;1950;27.5;12;99;99;96.7;91.7;;28;8
326;Denmark;2019;134;138.7;115;77.3;-9.3;0.2;56814;2.04;1951;67.4;19;99;99;96.7;91.9;;28;8
327;Denmark;2020;134;142.5;113.3;76.3;-8.4;0.21;55518.6;2.04;1950;65.8;21;99;99;96.7;91.9;;27;8
328;Denmark;2021;135;;;;;0.21;57962.7;2.04;1950;;13;;;;;;;8
329;Denmark;2022;135;;;;;0.21;;2.04;1949;;;;;;;;;
330;Djibouti;2017;105;63.4;69.7;15.3;100;0.3;4451.7;1.27;1836;10.7;47;75.9;64;;35.4;;55;61
331;Djibouti;2018;105;63.2;68.7;15;100;0.3;4589.4;1.27;1837;9.6;36;75.9;65.3;;36.2;;55;36
332;Djibouti;2019;106;62;68.3;14;98.8;0.3;4768.1;1.27;1841;9.1;24;76;66.6;;37;;55;28
333;Djibouti;2020;106;62;68.3;13;98.8;0.3;4753.9;1.27;1843;9.5;16;76;66.7;;37.1;;55;31
334;Djibouti;2021;108;;;;;0.3;4913.3;1.27;1845;;14;;;;;;;40
335;Djibouti;2022;109;;;;;0.3;;1.27;1846;;;;;;;;;
336;Dominica;2017;120;84.2;82;47;100;0.24;11511.6;3.77;1891;11.3;46;95.4;80.4;;;;33;172
337;Dominica;2018;119;81.5;81;46.3;100;0.24;11849.3;3.77;1888;9.5;45;;;;;;33;214
338;Dominica;2019;118;80.6;80.7;45.3;100;0.24;12395.4;3.77;1882;8.6;28;;;;;;33;236
339;Dominica;2020;117;81.4;79.7;44.3;100;0.24;10255.8;3.77;1879;8.6;24;;;;;;33;259
340;Dominica;2021;116;;;;;0.24;10878;3.77;1875;;18;;;;;;;244
341;Dominica;2022;117;;;;;0.24;;3.77;1872;;;;;;;;;
342;Dominican Republic;2017;121;100.9;62.3;31;66.1;0.24;16524.5;5.76;1847;10.9;26;96.5;85.8;;;;28;22
343;Dominican Republic;2018;123;101.8;64.7;32.3;66.1;0.26;17484.1;5.76;1848;5.2;27;96.5;86.3;;;;28;22
344;Dominican Republic;2019;126;101.2;66.7;33;65.8;0.26;18171.1;5.76;1848;5.9;26;96.6;86.7;;;;28;22
345;Dominican Republic;2020;128;100.4;68.3;33.3;65.8;0.29;16768.4;5.76;1850;6.7;21;96.7;87.2;;;;27;23
346;Dominican Republic;2021;129;;;;;0.28;18626.1;5.76;1852;;10;;;;;;;25
347;Dominican Republic;2022;130;;;;;0.28;;5.76;1853;;;;;;;;;
348;Ecuador;2017;112;97.3;63.3;31.7;30.2;0.24;11679.4;3.45;1783;20;55;94.3;88.7;66.2;41.8;;44;6
349;Ecuador;2018;111;96.5;62.3;30.7;34.2;0.25;11608.4;3.45;1787;21.5;49;94.7;89.7;66.4;41.8;;44;6
350;Ecuador;2019;110;96.3;62;30.3;36;0.25;11390.2;3.45;1790;20.8;54;95;90.6;66.6;41.7;;45;6
351;Ecuador;2020;110;94.2;62;30;34.7;0.27;10357;3.45;1793;18.3;47;95.4;91.5;66.8;41.6;;45;7
352;Ecuador;2021;110;;;;;0.27;10668.8;3.45;1796;;20;;;;;;;7
353;Ecuador;2022;111;;;;;0.27;;3.45;1798;;;;;;;;;
354;Egypt;2017;136;57.8;97.3;24;44.2;0.32;10435.9;2.22;1807;6.6;30;99;96.4;;64.6;;66;46
355;Egypt;2018;135;58.2;97;24.7;47.8;0.32;10783.8;2.22;1809;5;17;99;96.7;;65.5;;66;44
356;Egypt;2019;135;59.1;97;25.3;47;0.32;11180.7;2.22;1811;8.2;16;99;97;;66.3;;66;47
357;Egypt;2020;135;60.7;95.3;24.3;47.4;0.32;11380.8;2.22;1814;7.7;19;99;97.3;;67.1;;66;48
358;Egypt;2021;134;;;;;0.33;11566;2.22;1817;;32;;;;;;;45
359;Egypt;2022;133;;;;;0.34;;2.22;1821;;;;;;;;;
360;El Salvador;2017;117;61;75.3;26.7;46.2;0.26;8617.9;3.46;1775;5.9;14;97.2;82.9;;;;48;28
361;El Salvador;2018;119;62.1;75.3;26.3;47.8;0.26;8812.2;3.46;1777;5.5;26;97.6;82.8;;;;48;29
362;El Salvador;2019;121;63.9;76.3;26.3;51.4;0.26;9021.4;3.46;1780;5.6;34;97.8;82.7;;;;49;29
363;El Salvador;2020;121;64.7;79;27.3;53.5;0.27;8267.3;3.46;1783;6.6;43;97.9;82.4;;;;51;34
364;El Salvador;2021;121;;;;;0.26;9086;3.46;1786;;35;;;;;;;36
365;El Salvador;2022;121;;;;;0.28;;3.46;1788;;;;;;;;;
366;Equatorial Guinea;2017;;;;;;0.11;19617.8;3.02;1768;1.1;;64.7;66.3;;;;;5
367;Equatorial Guinea;2018;;;;;;0.11;17765;3.02;1771;1.1;;;;;;;;5
368;Equatorial Guinea;2019;;;;;;0.11;16240.4;3.02;1774;1.1;;;;;;;;5
369;Equatorial Guinea;2020;;;;;;0.11;15132.4;3.02;1778;1;;;;;;;;5
370;Equatorial Guinea;2021;;;;;;0.11;14637;3.02;1779;;;;;;;;;6
371;Equatorial Guinea;2022;;;;;;0.11;;3.02;1783;;;;;;;;;
372;Eritrea;2017;;;;;;0.26;;1.51;1726;1.4;;;;;;;;25
373;Eritrea;2018;;;;;;0.26;;1.51;1730;1.5;;;;;;;;25
374;Eritrea;2019;;;;;;0.26;;1.51;1736;1.5;;;;;;;;23
375;Eritrea;2020;;;;;;0.26;;1.51;1739;1.5;;;;;;;;22
376;Eritrea;2021;;;;;;0.26;;1.51;1744;;;;;;;;;24
377;Eritrea;2022;;;;;;0.26;;1.51;1749;;;;;;;;;
378;Estonia;2017;122;119.6;102;63.3;-341.8;0.21;33821.9;1.99;1946;58.5;39;99;99;95.8;93;2.3;29;9
379;Estonia;2018;123;121.3;102.7;63.7;-343.3;0.21;34979.9;1.99;1945;57.7;45;99;99;95.8;93;;29;9
380;Estonia;2019;125;128.3;103;65.3;-129.7;0.21;36153.4;1.99;1946;83.9;45;99;99;95.8;93.1;;27;8
381;Estonia;2020;127;133;103;67.7;-138.4;0.21;35883.3;1.99;1945;85.3;64;99;99;95.8;93.1;;25;8
382;Estonia;2021;127;;;;;0.21;38717.7;1.99;1946;;65;;;;;;;8
383;Estonia;2022;127;;;;;0.21;;1.99;1946;;;;;;;;;
384;Eswatini;2017;106;53.8;59;18.3;71.5;0.25;8213.9;1.48;1781;11.7;55;68.6;62.5;;;;56;14
385;Eswatini;2018;107;53.2;59.7;18;69.2;0.25;8343;1.48;1788;10.9;14;69.7;63.4;;;;57;15
386;Eswatini;2019;108;53.9;59.7;18;61.2;0.25;8501.3;1.48;1794;8.4;22;70.7;64.3;;;;56;15
387;Eswatini;2020;109;55.5;60.3;17.7;61.2;0.25;8290.4;1.48;1798;7.6;22;70.8;64.3;;;;57;16
388;Eswatini;2021;109;;;;;0.25;8856.8;1.48;1801;;21;;;;;;;16
389;Eswatini;2022;109;;;;;0.25;;1.48;1803;;;;;;;;;
390;Ethiopia;2017;111;30.1;72.7;6.3;8.3;0.29;1988;2.34;1730;2.2;19;45.1;8.1;11;6.1;0.1;75;64
391;Ethiopia;2018;111;29.3;72.3;6;8.3;0.31;2067.5;2.34;1733;2.1;14;46.6;8.4;11.5;6.3;0.1;75;68
392;Ethiopia;2019;111;29.2;72.3;6.3;7.1;0.33;2181.7;2.34;1735;3.4;28;48.1;8.6;12;6.5;;75;63
393;Ethiopia;2020;110;29.3;72.7;6.7;6.6;0.37;2253.2;2.34;1737;2.9;54;49.6;8.9;12.6;6.7;;75;69
394;Ethiopia;2021;110;;;;;0.37;2319.1;2.34;1739;;50;;;;;;;81
395;Ethiopia;2022;112;;;;;0.36;;2.34;1741;;;;;;;;;
396;Fiji;2017;111;72.3;71.3;28.3;100;0.24;12822;1.17;1829;29.6;29;94.3;98.4;;;;51;33
397;Fiji;2018;112;75.4;73;31.3;100;0.24;13311.2;1.17;1830;27.9;24;94.3;98.8;;;;50;35
398;Fiji;2019;115;78.5;75;33.3;100;0.24;13241.4;1.17;1833;29.9;32;94.3;99;;;;49;34
399;Fiji;2020;117;79.1;76.7;34;89.2;0.24;10966.9;1.17;1835;31;49;94.3;99;;;;50;35
400;Fiji;2021;119;;;;;0.28;10359.2;1.17;1835;;54;;;;;;;37
401;Fiji;2022;120;;;;;0.28;;1.17;1836;;;;;;;;;
402;Finland;2017;128;140.3;117.7;74.3;-23.5;0.2;47570.1;2.2;1951;15.9;20;99;99;99;84.1;1.8;32;7
403;Finland;2018;129;140.4;117.7;74.3;-16.9;0.2;48048.5;2.2;1952;4.7;11;99;99;99;84.1;1.8;32;6
404;Finland;2019;130;137.3;118.3;74.3;-11.8;0.2;48583.4;2.2;1954;15;13;99;99;99;84.1;1.7;32;6
405;Finland;2020;131;137.3;118;74.3;-12.9;0.2;47443.9;2.2;1956;20;16;99;99;99;84.1;1.7;32;6
406;Finland;2021;132;;;;;0.21;48753.4;2.2;1957;;14;;;;;;;6
407;Finland;2022;132;;;;;0.21;;2.2;1959;;;;;;;;;
408;France;2017;145;149.1;108.7;63.3;-115;0.2;44577.1;2.04;1914;30.6;78;99;98.7;99;78.6;5.3;34;9
409;France;2018;145;149.6;108.7;63.7;-116.7;0.2;45246;2.04;1914;32.3;67;99;98.6;99;78.6;5.1;34;9
410;France;2019;143;150.8;112;67.7;-69.5;0.2;45922.8;2.04;1915;27.5;50;99;98.6;99;78.6;5.1;33;9
411;France;2020;141;151.9;115.3;71.3;-104.4;0.2;42233.1;2.04;1915;25.1;56;99;98.6;99;78.6;5.1;33;9
412;France;2021;141;;;;;0.2;44993.1;2.04;1916;;65;;;;;;;9
413;France;2022;142;;;;;0.21;;2.04;1917;;;;;;;;;
414;French Polynesia;2017;115;125.1;96;62.3;100;0.23;;2.38;1880;3.9;24;99;97.1;86.2;;;36;237
415;French Polynesia;2018;114;123.3;95.3;62;100;0.23;;2.38;1880;4;29;99;97.1;85.4;;;37;235
416;French Polynesia;2019;114;122.4;95.7;62;99.3;0.23;;2.38;1879;2.8;25;99;97;84.6;;;38;265
417;French Polynesia;2020;115;122.3;96;62.7;;0.23;;2.38;1878;0.5;28;99;97;83.9;;;37;298
418;French Polynesia;2021;116;;;;;0.23;;2.38;1877;;31;;;;;;;333
419;French Polynesia;2022;117;;;;;0.23;;2.38;1876;;;;;;;;;
420;Gabon;2017;112;54.5;82.6;40.3;89.1;0.32;14478.1;2.5;1778;2.5;15;84.5;49.2;;;0.3;52;10
421;Gabon;2018;111;53.9;81;39.3;90.7;0.32;14254.5;2.5;1779;1.8;26;84.9;49.5;;;0.3;52;9
422;Gabon;2019;110;54.5;79.7;38.3;92.4;0.33;14478;2.5;1781;1.7;26;85.2;49.8;;;0.2;52;8
423;Gabon;2020;109;54.6;79.7;38.7;91.2;0.35;13903.3;2.5;1783;1.2;27;85.3;49.8;;;0.2;52;8
424;Gabon;2021;108;;;;;0.33;13813.7;2.5;1785;;17;;;;;;;8
425;Gabon;2022;108;;;;;0.35;;2.5;1788;;;;;;;;;
426;Gambia;2017;108;62.1;64.7;17.3;59.5;0.28;1927;1.72;1742;5.4;35;79.9;46.5;41.6;30.8;;61;155
427;Gambia;2018;107;61.2;63.6;17.3;65.3;0.28;2012.6;1.72;1747;5.4;22;80.3;46.6;42.8;30.2;;60;151
428;Gambia;2019;106;59.8;62.6;18;73.2;0.28;2083.3;1.72;1751;8.2;28;80.6;46.7;44;29.6;;58;138
429;Gambia;2020;106;57;61.7;18;71.7;0.3;2042.6;1.72;1756;8.2;25;80.9;46.9;44.7;29;;58;158
430;Gambia;2021;107;;;;;0.3;2076.6;1.72;1760;;34;;;;;;;209
431;Gambia;2022;106;;;;;0.3;;1.72;1765;;;;;;;;;
432;Georgia;2017;126;70.6;78.7;29.7;64.7;0.25;13589.7;2.05;1889;25.5;41;97;86.3;65.7;35.8;1.8;54;38
433;Georgia;2018;127;72.1;78.7;30.3;65.4;0.25;14253.4;2.05;1887;28.8;47;97.1;86.1;65.9;35;1.8;53;34
434;Georgia;2019;130;75.2;80.7;32;67.1;0.25;14989.3;2.05;1885;19.5;51;97.2;85.9;66.1;34.7;2;53;30
435;Georgia;2020;132;77.1;82.7;33;63.2;0.29;13966.3;2.05;1885;18.5;66;97.3;85.8;66.4;34.4;2;52;29
436;Georgia;2021;133;;;;;0.26;15486.7;2.05;1886;;62;;;;;;;27
437;Georgia;2022;134;;;;;0.25;;2.05;1886;;;;;;;;;
438;Germany;2017;141;145;104.3;62.7;-12.1;0.2;53071.5;1.84;1949;16.5;13;99;99;99;97;9.4;28;5
439;Germany;2018;141;147.5;104.3;63;-6.7;0.2;53431.4;1.84;1946;15.3;12;99;99;99;97.1;9.4;28;5
440;Germany;2019;142;154;104.7;64;-1;0.2;53874.3;1.84;1944;24.1;13;99;99;99;97.1;9.3;27;5
441;Germany;2020;143;160.2;105;65.7;-0.3;0.2;51840.3;1.84;1942;16.2;15;99;99;99;97.1;9.3;26;5
442;Germany;2021;145;;;;;0.21;53179.7;1.84;1940;;25;;;;;;;5
443;Germany;2022;146;;;;;0.21;;1.84;1938;;;;;;;;;
444;Ghana;2017;124;39.9;59.3;14.3;34.5;0.29;4929.6;2.63;1772;9.3;78;82.4;20.9;36.3;11.9;;66;15
445;Ghana;2018;126;40.1;60;14.7;34.7;0.3;5125.2;2.63;1775;8;60;83.5;21.8;38;12.4;;66;13
446;Ghana;2019;129;40.8;61.7;15;36.3;0.29;5345.9;2.63;1778;8.6;57;84.7;22.8;39.7;12.9;;66;12
447;Ghana;2020;132;42.1;63.4;15.3;36.2;0.29;5263.5;2.63;1781;8.3;73;85.8;23.7;41.4;13.3;;66;14
448;Ghana;2021;133;;;;;0.29;5435.2;2.63;1784;;80;;;;;;;16
449;Ghana;2022;135;;;;;0.3;;2.63;1787;;;;;;;;;
450;Greece;2017;134;148.2;105.3;57;25.3;0.21;28604.9;2.09;1931;40.8;57;99;99;99;89.4;1.7;32;19
451;Greece;2018;134;150;106.3;59;28.7;0.21;29141.2;2.09;1931;38.5;52;99;99;99;90.2;1.7;31;18
452;Greece;2019;135;154.7;106.7;61.3;33.1;0.21;29721.6;2.09;1931;23.8;28;99;99;99;90.9;1.7;29;17
453;Greece;2020;135;156.9;105.7;62.3;32.4;0.21;27103.5;2.09;1931;17.6;31;99;99;99;91.7;1.8;28;16
454;Greece;2021;135;;;;;0.21;29548;2.09;1931;;31;;;;;;;16
455;Greece;2022;136;;;;;0.21;;2.09;1932;;;;;;;;;
456;Greenland;2017;;;;;;;;3.02;;;;99;99;96.7;91.4;;;
457;Greenland;2018;;;;;;;;3.02;;;;99;99;96.7;91.7;;;
458;Greenland;2019;;;;;;;;3.02;;;;99;99;96.7;91.9;;;
459;Greenland;2020;;;;;;;;3.02;;;;99;99;96.7;91.9;;;
460;Greenland;2021;;;;;;;;3.02;;;;;;;;;;
461;Greenland;2022;;;;;;;;3.02;;;;;;;;;;
462;Grenada;2017;;79.7;71.3;40.3;96.8;0.28;14870;3.6;1915;17.5;;95.6;91.5;87.1;;;29;261
463;Grenada;2018;;80.9;72.3;42.3;100;0.28;15401.7;3.6;1913;14.7;;;;;;;30;296
464;Grenada;2019;;84;73.3;45.3;100;0.28;15393.8;3.6;1913;12.2;;;;;;;29;311
465;Grenada;2020;;89.1;74.3;47.7;100;0.28;13175.4;3.6;1911;17.9;;;;;;;26;338
466;Grenada;2021;;;;;;0.26;13688.3;3.6;1909;;;;;;;;;327
467;Grenada;2022;;;;;;0.26;;3.6;1908;;;;;;;;;
468;Guatemala;2017;118;63.1;69.7;21.7;46.9;0.33;8322.2;3.12;1703;19.9;22;92.9;67.2;55;;;49;20
469;Guatemala;2018;118;63.2;69.3;21.3;47.8;0.33;8469.1;3.12;1707;16;14;93.2;67.4;55.3;;;49;21
470;Guatemala;2019;119;60.7;68.7;21.7;51.5;0.33;8671.7;3.12;1711;12.7;18;93.6;67.7;55.6;;;50;22
471;Guatemala;2020;120;61.1;68.3;22.7;52.9;0.35;8390.2;3.12;1715;15.7;16;94;67.9;55.8;;;49;23
472;Guatemala;2021;123;;;;;0.35;8926.7;3.12;1720;;28;;;;;;;25
473;Guatemala;2022;124;;;;;0.35;;3.12;1725;;;;;;;;;
474;Guinea;2017;121;67.7;56;10.7;26.3;0.33;2383.6;3.72;1722;2.6;21;63.8;26;;;;62;28
475;Guinea;2018;123;66.8;56.7;11;27.8;0.34;2471.7;3.72;1720;2.4;15;63.9;27.2;;;;63;26
476;Guinea;2019;125;68.7;57;11.3;26.4;0.34;2545.1;3.72;1723;2.1;20;63.9;28.5;;;;63;21
477;Guinea;2020;127;68.8;57.3;11.3;25.5;0.37;2604.1;3.72;1726;2.1;31;64;29.8;;;;63;16
478;Guinea;2021;129;;;;;0.37;2640.3;3.72;1730;;35;;;;;;;13
479;Guinea;2022;129;;;;;0.37;;3.72;1733;;;;;;;;;
480;Guinea-Bissau;2017;93;62.2;42.7;9;;0.28;1872.3;1.42;1733;8.8;25;58.9;15.9;23.3;10.6;;64;46
481;Guinea-Bissau;2018;93;61.6;43;9;;0.28;1851.9;1.42;1733;7;44;59;16.7;23.7;11.1;;65;45
482;Guinea-Bissau;2019;94;60.6;43.3;9;;0.31;1890.5;1.42;1738;2.9;51;59;17.5;24;11.6;;65;49
483;Guinea-Bissau;2020;93;58.7;43.7;8.7;;0.37;1803.6;1.42;1743;2.3;39;59;18.2;24.3;12.2;;66;57
484;Guinea-Bissau;2021;94;;;;;0.37;1831.4;1.42;1748;;22;;;;;;;62
485;Guinea-Bissau;2022;94;;;;;0.35;;1.42;1752;;;;;;;;;
486;Guyana;2017;131;56.9;90.3;37.3;-51.1;0.25;12193.6;3.82;1792;64;96;95.5;85.8;;;;45;17
487;Guyana;2018;131;58.3;89.7;36;-46.3;0.25;12374.2;3.82;1798;54.9;92;95.5;85.8;;;;44;17
488;Guyana;2019;131;62.6;90;36.3;-51.2;0.25;12820.5;3.82;1801;54.9;67;95.5;85.8;;;;42;16
489;Guyana;2020;130;65.7;90.3;36.7;16.1;0.25;18430.6;3.82;1795;54;113;95.6;85.8;;;;40;13
490;Guyana;2021;135;;;;;0.25;21925.2;3.82;1794;;136;;;;;;;10
491;Guyana;2022;142;;;;;0.25;;3.82;1795;;;;;;;;;
492;Haiti;2017;94;47.5;49.3;10;65.2;0.37;3187.8;3.14;1812;3.9;30;65.5;34.7;;;;54;134
493;Haiti;2018;92;47.5;49;10;71.8;0.37;3197.1;3.14;1814;5;25;65.9;35.8;;;;54;129
494;Haiti;2019;91;45.3;47.6;10;76.6;0.37;3101.6;3.14;1816;6.4;31;66.3;36.9;;;;54;122
495;Haiti;2020;90;43.2;46;10;82.5;0.37;2959.1;3.14;1818;7.1;28;66.7;37.1;;;;55;133
496;Haiti;2021;90;;;;;0.29;2870.1;3.14;1820;;13;;;;;;;142
497;Haiti;2022;88;;;;;0.31;;3.14;1822;;;;;;;;;
498;Honduras;2017;114;83.9;60.3;20;58.1;0.3;5447.7;2.63;1773;10;46;94.2;80.9;;48.6;;45;16
499;Honduras;2018;114;84.6;61.3;20.3;57.6;0.3;5561.3;2.63;1777;9;31;94.7;81.9;;48.9;;45;16
500;Honduras;2019;115;86.3;61.7;20.7;59.4;0.3;5613.7;2.63;1780;11;10;95.2;82.8;;49.3;;44;16
501;Honduras;2020;115;87.9;61.7;21;60.2;0.31;5028.1;2.63;1783;7.9;10;95.7;83.8;;49.7;;44;17
502;Honduras;2021;115;;;;;0.37;5572.2;2.63;1786;;8;;;;;;;18
503;Honduras;2022;115;;;;;0.39;;2.63;1788;;;;;;;;;
504;Hungary;2017;127;149.8;86.7;48.3;-100.3;0.21;29501.1;1.5;1935;89.5;79;99;98;92.5;86.9;8.3;29;4
505;Hungary;2018;128;153.1;88;49.7;-82.1;0.21;31122.5;1.5;1935;52.8;75;99;98;92.6;87.7;8.2;29;4
506;Hungary;2019;130;152.8;89;50.3;-86;0.21;32649.1;1.5;1935;30.7;62;99;98;92.6;87.8;8.2;29;4
507;Hungary;2020;130;152.5;88.7;50.7;-90.5;0.21;31231.6;1.5;1935;32.3;28;99;98;92.6;87.8;8.2;29;4
508;Hungary;2021;131;;;;;0.22;33593.2;1.5;1935;;33;;;;;;;4
509;Hungary;2022;130;;;;;0.22;;1.5;1937;;;;;;;;;
510;Iceland;2017;136;165.5;141.4;102;91.3;0.2;55638.5;2.31;1953;14.6;60;99;98.8;99;78.8;;24;9
511;Iceland;2018;135;166.4;143;103;88.9;0.2;56816.4;2.31;1958;18.8;60;99;98.8;99;81.2;;24;9
512;Iceland;2019;134;170.4;144.3;104.7;85.9;0.2;56923.2;2.31;1960;14.4;40;99;98.8;99;83.7;;24;10
513;Iceland;2020;133;172.7;143.3;104;83.4;0.2;52174.6;2.31;1960;10.8;16;99;98.8;99;83.7;;23;10
514;Iceland;2021;130;;;;;0.2;53586.2;2.31;1960;;28;;;;;;;10
515;Iceland;2022;129;;;;;0.2;;2.31;1961;;;;;;;;;
516;India;2017;108;55.5;63;13.7;-5.6;0.25;6112.1;3.17;1788;7;18;89.1;62.5;;39.9;2;57;8
517;India;2018;109;57.3;64;14.3;-5.3;0.25;6436.2;3.17;1791;6.5;21;89.6;65.4;;41.9;2.1;56;7
518;India;2019;110;59.2;65;15;-5.2;0.26;6608.6;3.17;1794;5.9;21;90;68.3;;43.9;2.1;55;6
519;India;2020;110;60;65.7;15.3;-6.4;0.29;6114;3.17;1797;5.3;21;90.5;71.3;;45.9;2.1;55;6
520;India;2021;110;;;;;0.3;6592;3.17;1800;;11;;;;;;;6
521;India;2022;110;;;;;0.29;;3.17;1802;;;;;;;;;
522;Indonesia;2017;126;55.4;66;21;13.6;0.28;10941.9;3.44;1784;9.2;27;90.1;78.7;;;0.2;68;8
523;Indonesia;2018;127;60.1;67.7;22.7;13.7;0.28;11397.4;3.28;1786;8.7;41;90.9;81.3;;;0.3;66;9
524;Indonesia;2019;128;64.1;69;25;13.7;0.28;11857.8;3.12;1788;12.8;38;91.6;83.9;;;0.3;65;9
525;Indonesia;2020;127;66.3;68.3;25.7;14;0.28;11515.7;3.12;1790;12.5;42;92.4;86.5;;;;63;8
526;Indonesia;2021;127;;;;;0.28;11858.1;3.12;1791;;39;;;;;;;8
527;Indonesia;2022;127;;;;;0.28;;3.12;1793;;;;;;;;;
528;Iran (Islamic Republic of);2017;123;78.1;85;24.7;36.1;0.27;15163.3;2.61;1836;15.1;25;97.1;89.5;93.5;;0.5;55;11
529;Iran (Islamic Republic of);2018;122;78.3;84;25;36.8;0.27;14628.9;2.61;1835;10.2;32;97.2;89.9;93.7;;0.5;54;10
530;Iran (Islamic Republic of);2019;121;80;82.7;25;39.3;0.27;14084.4;2.61;1835;22.1;45;97.4;90.2;93.8;;0.5;54;11
531;Iran (Islamic Republic of);2020;122;80.8;82.7;25.3;36.3;0.27;14432.4;2.61;1838;18.6;37;97.5;90.3;94;;0.5;53;13
532;Iran (Islamic Republic of);2021;123;;;;;0.25;15004.7;2.61;1841;;37;;;;;;;17
533;Iran (Islamic Republic of);2022;122;;;;;0.26;;2.61;1844;;;;;;;;;
534;Iraq;2017;115;72.5;62.4;14;;0.33;9976.9;3.65;1758;30.8;24;96;96.8;58.4;42.4;;60;15
535;Iraq;2018;116;70.7;63.7;14.3;61.8;0.34;9995;3.65;1763;32.2;21;96.9;98.5;58.9;42.9;;61;14
536;Iraq;2019;117;69.4;64.7;14;57.7;0.34;10299.3;3.65;1768;24.3;13;97.8;99;59.4;43.1;;61;12
537;Iraq;2020;117;67.6;64.3;12;50;0.34;8919.8;3.65;1773;17.3;20;98.4;99;59.7;42.9;;61;13
538;Iraq;2021;118;;;;;0.33;8962.4;3.65;1777;;23;;;;;;;15
539;Iraq;2022;118;;;;;0.35;;3.65;1781;;;;;;;;;
540;Ireland;2017;155;140.2;113.3;66.7;37.5;0.2;77749.2;2.06;1906;67.5;43;97.4;91.3;97.2;82.5;2.7;33;6
541;Ireland;2018;157;144.1;114.4;68;47.1;0.2;83340.4;2.06;1908;52.9;54;97.4;91.4;97.3;82.7;2.7;32;6
542;Ireland;2019;159;148.7;115.7;69.3;50.7;0.2;86681.3;2.06;1910;29;40;97.4;91.3;97.3;82.8;2.7;32;5
543;Ireland;2020;160;153.3;115.7;70.3;54.2;0.21;91099.7;2.06;1912;33.4;24;97.4;91.3;97.3;82.9;2.7;31;5
544;Ireland;2021;160;;;;;0.19;102496;2.06;1914;;35;;;;;;;5
545;Ireland;2022;159;;;;;0.19;;2.06;1916;;;;;;;;;
546;Israel;2017;156;153.5;123.7;72;93.6;0.2;39121.3;2.32;1777;5.5;31;99;99;99;92.7;6.8;34;7
547;Israel;2018;157;153.4;125.7;74.7;94.2;0.2;39936.8;2.32;1778;5.7;31;99;99;99;93.4;6.9;34;8
548;Israel;2019;158;149.7;126.7;75;97.5;0.2;40810.1;2.32;1778;7.3;31;99;99;99;94.2;7.2;34;8
549;Israel;2020;159;146.1;126.6;75;95.9;0.21;39351.9;2.32;1778;5.6;29;99;99;99;95;7.3;34;9
550;Israel;2021;159;;;;;0.21;42061.2;2.32;1780;;29;;;;;;;10
551;Israel;2022;158;;;;;0.22;;2.32;1781;;;;;;;;;
552;Italy;2017;141;146.5;103.7;53.7;32.8;0.2;41581.1;2.07;1934;22.3;63;99;99;95.8;95.8;5.6;35;7
553;Italy;2018;141;146.3;104;54;35.5;0.2;42045.9;2.07;1935;22.3;53;99;99;95.8;95.8;5.6;35;7
554;Italy;2019;142;147.4;105;55.7;38;0.2;42739;2.07;1936;22.6;9;99;99;95.8;95.8;5.6;35;7
555;Italy;2020;144;149.5;105.3;56.7;38.1;0.2;39065.3;2.07;1936;8.4;27;99;99;95.8;95.8;5.7;34;7
556;Italy;2021;146;;;;;0.21;41929.4;2.07;1937;;41;;;;;;;7
557;Italy;2022;148;;;;;0.21;;2.07;1937;;;;;;;;;
558;Jamaica;2017;114;77.7;72;35.3;99;0.24;9984.6;3.11;1911;6.2;26;90.7;86.3;;;;38;63
559;Jamaica;2018;114;77.2;73.3;36;99.4;0.23;10160.8;3.11;1914;6.5;28;90.9;86.5;;;;38;54
560;Jamaica;2019;116;78.4;75.3;37;99.3;0.23;10244.4;3.11;1918;6.7;35;91;86.6;;;;39;54
561;Jamaica;2020;116;78.6;75.7;37;99.6;0.24;9198.1;3.11;1921;6.1;41;91;86.6;;;;39;55
562;Jamaica;2021;114;;;;;0.24;9596.6;3.11;1924;;44;;;;;;;68
563;Jamaica;2022;114;;;;;0.25;;3.11;1926;;;;;;;;;
564;Japan;2017;111;87.8;85.7;47.3;69.5;0.17;41444.2;1.5;1857;3.5;7;99;99;98.5;80.2;;42;7
565;Japan;2018;111;88.3;86;47.7;70.5;0.17;41739.2;1.5;1858;2.5;10;99;99;98.5;80.6;;42;6
566;Japan;2019;111;90.1;86.7;48.3;69.2;0.17;41697.4;1.5;1858;2.4;11;99;99;98.6;81;;41;6
567;Japan;2020;111;90.6;87.3;49;68.9;0.17;39935.5;1.5;1859;1.1;25;99;99;98.6;81.4;;41;7
568;Japan;2021;111;;;;;0.18;40784.4;1.5;1860;;25;;;;;;;7
569;Japan;2022;109;;;;;0.18;;1.5;1860;;;;;;;;;
570;Jordan;2017;119;91.1;71;24;97.4;0.25;9629.1;3.32;1813;8.7;25;99;97.3;79.2;81.7;;47;46
571;Jordan;2018;115;90.9;69.3;24;99.9;0.25;9584.5;3.32;1817;7.7;22;99;97.2;81.4;81.9;;46;46
572;Jordan;2019;111;92.6;66.6;24;100;0.25;9551.2;3.32;1821;7;33;99;97.2;83.5;82.1;;44;43
573;Jordan;2020;106;93.1;64.3;24.7;100;0.28;9203.4;3.32;1824;6.8;41;98.9;97.1;85.7;82.3;;41;43
574;Jordan;2021;103;;;;;0.29;9223.1;3.32;1828;;58;;;;;;;43
575;Jordan;2022;100;;;;;0.28;;3.32;1831;;;;;;;;;
576;Kazakhstan;2017;136;127.5;97;54.7;-47.4;0.25;24863;2.46;1822;38.5;56;95.4;97.9;89.3;;0.6;34;7
577;Kazakhstan;2018;139;126.9;100;55;-71.4;0.25;25544.3;2.46;1820;26.9;47;95.4;97.9;89.3;;0.6;35;6
578;Kazakhstan;2019;142;128.3;102.3;55.7;-88.4;0.25;26351.8;2.46;1818;29.4;50;95.4;97.9;89.3;;0.6;36;6
579;Kazakhstan;2020;145;130.8;104;57;-87.2;0.25;25361.5;2.46;1815;24.3;59;95.4;97.9;89.3;;0.6;36;6
580;Kazakhstan;2021;147;;;;;0.25;26110.5;2.46;1812;;62;;;;;;;7
581;Kazakhstan;2022;148;;;;;0.25;;2.46;1812;;;;;;;;;
582;Kenya;2017;100;43.3;62;15;46.2;0.24;4312.9;3.05;1737;13.9;38;59.6;32.5;;;;60;38
583;Kenya;2018;99;44.7;61;15;46.1;0.26;4464.8;3.05;1742;20.2;42;60.3;32.5;;;;59;39
584;Kenya;2019;101;46.5;60.7;14.3;44.8;0.26;4601.2;3.05;1746;18.4;34;61;32.6;;;;58;43
585;Kenya;2020;101;47.7;60;13.7;41.1;0.29;4498.4;3.05;1751;19.5;45;61.6;32.7;;;;57;40
586;Kenya;2021;101;;;;;0.29;4743.5;3.05;1755;;46;;;;;;;42
587;Kenya;2022;99;;;;;0.3;;3.05;1759;;;;;;;;;
588;Kiribati;2017;119;124.3;71.7;36.7;;0.29;1962.3;2.76;1694;38.7;66;75.5;44.4;13.9;25.7;;36;298
589;Kiribati;2018;119;123.3;71;36.7;;0.29;2033.7;2.76;1690;48.3;36;76.4;44.8;14.1;26;;35;264
590;Kiribati;2019;119;121.1;71.7;36.7;;0.29;1990.5;2.76;1751;45.7;16;77.2;45.2;14.4;26.4;;36;234
591;Kiribati;2020;118;118.5;72.7;37.3;;0.29;1944.8;2.76;1749;43.2;12;78;45.6;14.7;26.7;;37;272
592;Kiribati;2021;118;;;;;0.29;1937.1;2.76;1749;;24;;;;;;;366
593;Kiribati;2022;118;;;;;0.29;;2.76;1747;;;;;;;;;
594;Kuwait;2017;139;106.5;100;48.3;100;0.26;50007.3;4.07;1914;11.1;21;99;99;99;99;;43;9
595;Kuwait;2018;137;107.9;99.7;48;98.7;0.26;48943;4.07;1919;6.1;20;99;99;99;99;;43;8
596;Kuwait;2019;136;109.9;101;48.7;96.8;0.26;47314.8;4.07;1921;5.3;41;99;99;99;99;;43;7
597;Kuwait;2020;136;109.7;102.3;49.3;96.2;0.26;43922.6;4.07;1917;4.2;46;99;99;99;99;;43;8
598;Kuwait;2021;138;;;;;0.26;;4.07;1915;;48;;;;;;;8
599;Kuwait;2022;141;;;;;0.25;;4.07;1916;;;;;;;;;
600;Kyrgyzstan;2017;117;65.9;83.3;33.7;17.7;0.23;5046.7;2.44;1796;21.7;32;89.6;97.5;68.4;92;0.2;54;30
601;Kyrgyzstan;2018;118;66.9;83.7;34;16.2;0.23;5133.2;2.44;1794;17.5;26;90.2;97.7;68.8;92.2;0.2;54;28
602;Kyrgyzstan;2019;119;69.3;84;34.3;18.7;0.23;5258.4;2.44;1793;14.4;29;90.7;97.8;69.3;92.4;0.2;53;29
603;Kyrgyzstan;2020;120;70.1;85;35.3;18.5;0.23;4726.2;2.44;1792;6;33;91.7;97.9;70.1;92.5;0.2;53;26
604;Kyrgyzstan;2021;119;;;;;0.23;4815;2.44;1795;;33;;;;;;;31
605;Kyrgyzstan;2022;119;;;;;0.23;;2.44;1798;;;;;;;;;
606;Lao People's Democratic Republic;2017;115;45.1;75.3;17.7;-3;0.23;7211.3;1.75;1814;56.4;58;81.5;74.7;16.7;57.9;;63;13
607;Lao People's Democratic Republic;2018;116;46.1;75.3;18.3;-3.1;0.23;7546.3;1.75;1817;51.8;41;83.3;77.2;17.2;59.8;;63;13
608;Lao People's Democratic Republic;2019;116;47.6;75.7;18.3;-3.3;0.23;7840.1;1.75;1818;51.8;18;85.1;79.3;17.6;61.4;;63;12
609;Lao People's Democratic Republic;2020;116;49.1;76.3;18.7;-2.9;0.23;7763.9;1.75;1821;61.9;25;85.2;79.5;17.7;61.4;;63;13
610;Lao People's Democratic Republic;2021;116;;;;;0.22;7847;1.75;1823;;28;;;;;;;13
611;Lao People's Democratic Republic;2022;116;;;;;0.21;;1.75;1825;;;;;;;;;
612;Latvia;2017;130;125.5;99.6;57.6;-197.3;0.22;28673.6;2.11;1886;59.3;34;98.6;92.4;95.5;76.5;2.9;37;15
613;Latvia;2018;131;126.6;100.4;58.3;-167.4;0.22;30051.4;2.11;1885;60.5;38;98.7;92.4;95.8;78.8;2.9;36;16
614;Latvia;2019;132;130.3;98.3;57.7;-191.9;0.22;31038.7;2.11;1885;100.9;19;98.7;92.4;96;81.1;2.9;35;16
615;Latvia;2020;133;135;96.3;57.3;-252.5;0.22;30568.5;2.11;1885;99;14;98.8;92.4;96.3;83.4;2.9;33;17
616;Latvia;2021;134;;;;;0.22;32081.5;2.11;1886;;16;;;;;;;16
617;Latvia;2022;136;;;;;0.22;;2.11;1886;;;;;;;;;
618;Lebanon;2017;130;89.5;69.7;22;99;0.26;17808.1;3.83;1835;13.2;177;91.9;96.6;47.4;15.8;;45;73
619;Lebanon;2018;135;91.1;69.7;22.6;97.4;0.26;17970.9;3.83;1829;19.2;101;92.3;97.9;47.5;16.2;;45;74
620;Lebanon;2019;139;91.7;69.3;23.6;94.7;0.26;17172.2;3.83;1825;21;73;92.6;99;47.7;16.5;;44;68
621;Lebanon;2020;142;90.8;69;24;92.7;0.31;13781;3.83;1824;15.4;79;92.6;99;47.7;16.3;;44;62
622;Lebanon;2021;144;;;;;0.32;12977.2;3.83;1827;;47;;;;;;;52
623;Lebanon;2022;144;;;;;0.31;;3.83;1829;;;;;;;;;
624;Lesotho;2017;91;47.6;62.7;19;75;0.27;2571.7;1.23;1774;4.6;120;71.2;44.6;25.6;42.1;;70;35
625;Lesotho;2018;93;48.3;63.7;19;73.9;0.27;2541.5;1.23;1775;6.4;70;71.5;46.5;26.7;44;;69;28
626;Lesotho;2019;92;46.4;62;17;95.2;0.27;2533.1;1.23;1777;6.6;102;71.8;48.4;27.9;45.8;;70;26
627;Lesotho;2020;89;46.1;59.3;15.7;100;0.31;2292.2;1.23;1780;7.9;105;72.2;50.3;28.9;47.6;;69;26
628;Lesotho;2021;86;;;;;0.31;2295.2;1.23;1782;;78;;;;;;;34
629;Lesotho;2022;85;;;;;0.31;;1.23;1783;;;;;;;;;
630;Liberia;2017;99;56.8;41;11;51.4;0.36;1533.4;3.27;1713;7.1;27;73.7;17.5;;;;66;107
631;Liberia;2018;99;54;41.3;10.7;55.6;0.36;1521.7;3.27;1717;7.9;40;74.3;17.7;;;;67;91
632;Liberia;2019;98;50;41.3;10.3;61.4;0.36;1455.6;3.27;1721;7.7;28;75.2;18.1;;;;69;76
633;Liberia;2020;97;46.9;40.7;10;60.7;0.36;1383.8;3.27;1723;7.6;25;75.3;18.2;;;;69;64
634;Liberia;2021;96;;;;;0.36;1423.2;3.27;1728;;20;;;;;;;60
635;Liberia;2022;95;;;;;0.36;;3.27;1732;;;;;;;;;
636;Libya;2017;135;88.8;82.3;30;88.9;0.33;24212.9;1.51;1831;21.1;64;99;92.1;;21.6;;51;22
637;Libya;2018;135;92.1;82.7;31;86.7;0.34;25734.2;1.51;1835;16.9;52;99;92.1;;21.6;;50;16
638;Libya;2019;136;96.1;81.7;31;89.1;0.35;22535.4;1.51;1840;5.8;30;99;92.1;;21.6;;48;11
639;Libya;2020;136;98.8;82.3;31.7;90.6;0.37;16924.2;1.51;1844;5.3;22;99;92.1;;21.6;;48;14
640;Libya;2021;137;;;;;0.37;21965.2;1.51;1848;;21;;;;;;;16
641;Libya;2022;136;;;;;0.36;;1.51;1852;;;;;;;;;
642;Lithuania;2017;135;98.9;124.3;74;-217.3;0.22;33761.9;2.19;1895;56.1;43;97.5;93.4;94.4;93.4;2.9;38;10
643;Lithuania;2018;134;101.4;125;75.3;-223.4;0.22;35446.7;2.19;1893;56.1;12;98;93.9;94.9;93.9;2.9;38;10
644;Lithuania;2019;134;109.5;124.3;77;-184.3;0.21;37184.5;2.19;1891;111.9;24;98;93.9;94.9;93.9;2.9;37;10
645;Lithuania;2020;134;117.4;124.7;79.3;-194.2;0.23;37166.4;2.19;1891;115;27;98;93.9;94.9;93.9;2.9;36;10
646;Lithuania;2021;135;;;;;0.22;39305.6;2.19;1890;;30;;;;;;;10
647;Lithuania;2022;137;;;;;0.22;;2.19;1889;;;;;;;;;
648;Luxembourg;2017;130;140.6;110.6;69;12.1;0.2;114986;2.23;1983;15.7;18;99;97.6;99;96.7;10.6;29;12
649;Luxembourg;2018;131;141.9;109.3;67.6;11.7;0.2;114165;2.23;1983;11.6;18;99;97.6;99;96.7;11.1;29;13
650;Luxembourg;2019;132;145;108.3;67;9.7;0.2;114543;2.23;1984;9.1;18;99;97.6;99;96.8;11.1;29;14
651;Luxembourg;2020;134;145.2;108.7;66.7;7.3;0.2;111751;2.23;1980;8.6;59;99;97.6;99;96.8;10.5;30;14
652;Luxembourg;2021;134;;;;;0.2;115684;2.23;1978;;58;;;;;;;15
653;Luxembourg;2022;133;;;;;0.2;;2.23;1980;;;;;;;;;
654;Madagascar;2017;88;23.4;43;9;17;0.28;1548.2;1.67;1690;10.1;59;50.7;11.1;18.5;9.4;;80;20
655;Madagascar;2018;87;23.7;42.7;9;19.8;0.28;1557.3;1.67;1692;2.5;25;51.6;11.5;19.2;9.7;0.1;79;21
656;Madagascar;2019;86;22.6;41;7.6;21.1;0.28;1585.5;1.67;1695;3;20;52.5;11.9;19.9;10.1;0.1;80;21
657;Madagascar;2020;84;22.2;39;6.3;19.6;0.28;1436.2;1.67;1697;4.2;22;53.4;12.3;20.5;10.4;0.1;80;22
658;Madagascar;2021;83;;;;;0.28;1463.6;1.67;1709;;15;;;;;;;26
659;Madagascar;2022;82;;;;;0.3;;1.67;1711;;;;;;;;;
660;Malawi;2017;122;48.2;68.7;11.4;11.8;0.35;1454.8;1.8;1684;28.1;38;67.7;25.7;;23.5;;66;27
661;Malawi;2018;121;50.3;69.7;12.7;10.2;0.37;1478.4;1.8;1690;25.8;29;68.5;26;;23.7;;65;27
662;Malawi;2019;121;52.1;70.4;13.3;5.1;0.37;1517.7;1.8;1695;25.8;19;69.3;26.3;;24;;65;26
663;Malawi;2020;121;52.4;71;13;4.4;0.39;1489.6;1.8;1700;16.4;22;70;26.6;;24.2;;65;28
664;Malawi;2021;121;;;;;0.39;1491.1;1.8;1705;;19;;;;;;;31
665;Malawi;2022;121;;;;;0.38;;1.8;1709;;;;;;;;;
666;Malaysia;2017;114;93;77.7;44.3;70.6;0.21;25935.1;2.86;1839;7.7;32;97.1;99;93.7;75.9;0.8;42;6
667;Malaysia;2018;115;95.5;77;43.7;71.7;0.21;26835.8;2.86;1840;7.3;22;97.1;99;93.7;77.5;0.5;42;6
668;Malaysia;2019;116;99.1;77.3;43.3;73.6;0.21;27674.4;2.86;1842;7.8;15;97.1;;93.8;;0.5;42;5
669;Malaysia;2020;118;103.4;78.7;44.3;73.7;0.21;25831;2.86;1844;9;24;97.1;;93.8;;0.5;41;5
670;Malaysia;2021;120;;;;;0.21;26333.2;2.86;1845;;35;;;;;;;6
671;Malaysia;2022;122;;;;;0.21;;2.86;1846;;;;;;;;;
672;Maldives;2017;;53.1;90.8;58.1;;0.25;18973.6;2.55;1864;1.5;;99;96.1;;;;46;147
673;Maldives;2018;;52.2;85.1;52.8;;0.25;19789.5;2.55;1866;1.5;;99;97.2;;;;46;141
674;Maldives;2019;;52;80.7;48.3;;0.25;20574.4;2.55;1870;0.9;;99;98.3;;;;46;135
675;Maldives;2020;;55.5;80.3;46.6;;0.25;13419.3;2.55;1871;0.7;;99;99;;;;46;135
676;Maldives;2021;;;;;;0.25;18765.2;2.55;1869;;;;;;;;;151
677;Maldives;2022;;;;;;0.25;;2.55;1868;;;;;;;;;
678;Mali;2017;132;57.4;79.7;18;5.7;0.26;2153.8;1.53;1654;15.1;47;77.7;40.4;;17.8;;69;20
679;Mali;2018;130;55.5;80;18;5.4;0.26;2185.6;1.53;1709;15.1;31;79.3;42;;18.5;;69;18
680;Mali;2019;129;53;79;15.6;5.1;0.27;2219;1.53;1711;18.1;7;80.9;43.7;;19.2;;71;17
681;Mali;2020;128;51.7;77.6;12.9;4.3;0.34;2123.8;1.53;1714;12.9;24;82.5;45.4;;19.9;;73;15
682;Mali;2021;127;;;;;0.36;2120.6;1.53;1716;;40;;;;;;;16
683;Mali;2022;126;;;;;0.37;;1.53;1719;;;;;;;;;
684;Malta;2017;128;117.1;113.7;64.4;84.8;0.2;43508.8;2.14;1955;6;31;99;99;99;91.9;;34;18
685;Malta;2018;125;121.4;113;64.3;86.6;0.2;44607.6;2.14;1960;4;29;99;99;99;91.9;;34;18
686;Malta;2019;122;125.2;109.6;62.3;88.8;0.2;45425.8;2.14;1961;9.1;37;99;99;99;91.9;;34;19
687;Malta;2020;118;127.1;107;61.7;95.9;0.21;40733.7;2.14;1959;10.7;40;99;99;99;91.9;;34;19
688;Malta;2021;115;;;;;0.21;44650.7;2.14;1964;;30;;;;;;;19
689;Malta;2022;113;;;;;0.21;;2.14;1964;;;;;;;;;
690;Marshall Islands;2017;;;;;;;4634.9;3.02;;15.3;;88.5;83.6;;;;;
691;Marshall Islands;2018;;;;;;;4955.1;3.02;;18.1;;88.6;83.8;;;;;
692;Marshall Islands;2019;;;;;;;5647.1;3.02;;19.2;;88.6;84;;;;;
693;Marshall Islands;2020;;;;;;;5711;3.02;;16.6;;88.6;84.2;;;;;
694;Marshall Islands;2021;;;;;;;5961.8;3.02;;;;;;;;;;
695;Marshall Islands;2022;;;;;;;;3.02;;;;;;;;;;
696;Mauritania;2017;132;68.4;81.3;29.7;;0.31;5259.1;2.99;1722;1.5;32;70.7;48.4;;;0.1;55;36
697;Mauritania;2018;132;68.3;81.3;29.7;;0.31;5367.2;2.99;1726;1.7;24;71;48.9;;;0.1;55;27
698;Mauritania;2019;133;67.7;81.7;30;;0.31;5505.6;2.99;1728;1.6;20;71.4;49.4;;;0.1;55;26
699;Mauritania;2020;134;65.8;82.7;30;58.6;0.33;5314.8;2.99;1732;4.3;19;71.7;49.8;;;0.1;56;27
700;Mauritania;2021;133;;;;;0.33;5307.5;2.99;1758;;27;;;;;;;26
701;Mauritania;2022;132;;;;;0.35;;2.99;1762;;;;;;;;;
702;Mauritius;2017;122;92.9;86;39;93.7;0.27;22148.6;1.47;1878;4.2;13;99;95.5;;;;47;29
703;Mauritius;2018;122;93.7;86;39.3;95.2;0.27;23023.5;1.47;1879;4.7;11;99;;;;;46;32
704;Mauritius;2019;123;95.4;87;40;89.5;0.27;23681.6;1.47;1879;5.5;10;99;;;;;45;34
705;Mauritius;2020;123;95.6;87.3;40;95.3;0.3;20224.2;1.47;1880;7.4;18;99;;;;;45;36
706;Mauritius;2021;124;;;;;0.28;20967.9;1.47;1879;;19;;;;;;;38
707;Mauritius;2022;125;;;;;0.29;;1.47;1878;;;;;;;;;
708;Mexico;2017;135;100;89.7;43.7;31.4;0.28;20032.4;4.11;1841;6.7;25;98.9;90.3;42.7;50.1;;42;5
709;Mexico;2018;135;101.5;90.3;44.3;33.1;0.28;20278.2;4.11;1844;9.1;24;99;91;42.8;52.5;;42;5
710;Mexico;2019;136;103.3;91;44.7;37;0.26;20064.5;4.11;1847;9.1;10;99;91.7;42.9;54.9;;42;5
711;Mexico;2020;136;104.3;91.3;44.7;39.1;0.25;18328;4.11;1850;8.3;9;99;92.4;43;57.3;;43;5
712;Mexico;2021;137;;;;;0.25;19086.1;4.11;1852;;9;;;;;;;5
713;Mexico;2022;137;;;;;0.25;;4.11;1856;;;;;;;;;
714;Micronesia (Federated States of);2017;;;;;;0.11;3522.3;3.02;1794;8.8;;88.3;88.3;;;;;
715;Micronesia (Federated States of);2018;;;;;;0.11;3513.9;3.02;1780;7.9;;88.3;88.3;;;;;
716;Micronesia (Federated States of);2019;;;22.4;12.4;;0.11;3540.8;3.02;1780;7.1;;88.3;88.3;;;;;
717;Micronesia (Federated States of);2020;;;44.4;24.7;;0.11;3455.7;3.02;1781;6.1;;;;;;;;
718;Micronesia (Federated States of);2021;;;;;;0.11;3315.2;3.02;1776;;;;;;;;;
719;Micronesia (Federated States of);2022;;;;;;0.11;;3.02;1779;;;;;;;;;
720;Mongolia;2017;116;125.3;91.7;63;44.1;0.24;11431.5;1.94;1793;53;41;82.7;64.3;29;51.5;0.1;38;8
721;Mongolia;2018;118;125.1;93.7;64;35.1;0.24;12052.3;1.94;1788;55.4;44;83.6;65.4;29.3;53;0.1;38;8
722;Mongolia;2019;120;129.7;97.1;67.7;32.4;0.25;12458;1.94;1785;55.6;59;84.5;66.6;29.7;54.5;0.1;37;8
723;Mongolia;2020;123;132.6;102.7;71.7;28.2;0.27;11666.8;1.94;1784;50.1;57;85.5;67.7;30.1;55.5;0.1;37;8
724;Mongolia;2021;119;;;;;0.23;11668.4;1.94;1787;;80;;;;;;;8
725;Mongolia;2022;115;;;;;0.23;;1.94;1790;;;;;;;;;
726;Montenegro;2017;138;138.4;111;67.3;92.3;0.21;19682.3;2.58;1898;10.8;30;97.9;96.7;84.9;43.3;1.8;32;130
727;Montenegro;2018;140;140.3;112.3;68.7;90.2;0.21;20686.6;2.58;1897;13.5;35;98.5;97.2;85;44.6;1.8;32;127
728;Montenegro;2019;140;141.3;112.7;68.7;87.9;0.21;21534;2.58;1895;11.8;35;98.7;97.5;85;45.6;1.8;33;124
729;Montenegro;2020;141;140.9;112.7;68;87.7;0.22;18259;2.58;1896;12.8;24;98.9;97.8;85.1;45.4;;33;120
730;Montenegro;2021;144;;;;;0.23;20598.8;2.58;1898;;39;;;;;;;119
731;Montenegro;2022;148;;;;;0.22;;2.58;1899;;;;;;;;;
732;Morocco;2017;143;67.9;99;27;54;0.3;7921.6;3.13;1838;27.6;16;86.5;84.5;75.2;38.4;0.5;62;17
733;Morocco;2018;143;69.6;99.7;27.3;56.8;0.3;8072.1;3.13;1839;28.3;23;87.8;85.4;76.8;38.7;0.5;62;17
734;Morocco;2019;143;71.7;99.7;28;47.9;0.31;8217.6;3.13;1840;32.3;22;89.1;86.3;78.4;39;0.5;61;16
735;Morocco;2020;143;74.2;99.7;28.7;65.7;0.33;7546;3.13;1842;32.4;22;90.4;87.3;79.9;39.3;0.5;60;17
736;Morocco;2021;142;;;;;0.36;8058.4;3.13;1844;;30;;;;;;;18
737;Morocco;2022;142;;;;;0.35;;3.13;1845;;;;;;;;;
738;Mozambique;2017;89;39.5;40.7;7.3;55.8;0.29;1287.2;1.68;1683;17.8;224;56;32.4;;;;67;27
739;Mozambique;2018;93;40.9;43.4;7.3;48.2;0.29;1292.9;1.68;1685;10.6;152;58.4;34;;;;68;28
740;Mozambique;2019;97;42;44.7;7.3;47.4;0.29;1285.2;1.68;1687;14.4;143;60.9;35.6;;;;69;28
741;Mozambique;2020;99;40.8;45.3;7;45.9;0.29;1233;1.68;1689;16.6;168;63.4;37.2;;;;70;28
742;Mozambique;2021;97;;;;;0.29;1226.8;1.68;1691;;163;;;;;;;29
743;Mozambique;2022;96;;;;;0.29;;1.68;1693;;;;;;;;;
744;Myanmar;2017;120;83.6;94.7;43.7;-5.5;0.21;4312.9;1.68;1795;16.3;18;77.6;72.2;54.4;60.9;;49;22
745;Myanmar;2018;120;85.4;95.3;44.3;-5;0.21;4556.3;1.68;1796;19.2;11;79.6;72.7;56;60.8;;49;20
746;Myanmar;2019;120;89.7;96;44.7;-10.4;0.21;4829.5;1.68;1797;37.2;19;81.7;73.2;57.6;60.8;;49;15
747;Myanmar;2020;121;94;96.7;45;-12.5;0.21;4947.1;1.68;1798;39.4;20;83.7;73.6;58.8;60.7;;48;13
748;Myanmar;2021;121;;;;;0.25;4032.6;1.68;1799;;23;;;;;;;12
749;Myanmar;2022;122;;;;;0.24;;1.68;1800;;;;;;;;;
750;Namibia;2017;108;56.6;64;22.3;69.8;0.32;10335.3;1.67;1789;5.9;22;83.3;34.4;;;;54;18
751;Namibia;2018;109;56.7;64.7;22.7;69.3;0.32;10266.2;1.67;1790;5.4;18;83.6;34.7;;;;55;16
752;Namibia;2019;110;56.8;64.3;22;70.5;0.32;10009.6;1.67;1789;5.4;19;84;35;;;;55;16
753;Namibia;2020;112;56.8;65;22;69.2;0.33;9048.2;1.67;1790;7.3;14;84.3;35.3;;;;55;14
754;Namibia;2021;113;;;;;0.33;9137.8;1.67;1793;;19;;;;;;;13
755;Namibia;2022;113;;;;;0.33;;1.67;1794;;;;;;;;;
756;Nauru;2017;;;;;;;11746.6;3.02;;2.8;;99;65.6;;;;;85
757;Nauru;2018;;;;;;;12209.9;3.02;;2.6;;99;;;;;;93
758;Nauru;2019;;;33.9;24.4;;;12000.6;3.02;;0.6;;99;;;;;;87
759;Nauru;2020;;;65.9;46.7;;;11958.2;3.02;;1.1;;99;;;;;;38
760;Nauru;2021;;;;;;;11947.4;3.02;;;;;;;;;;19
761;Nauru;2022;;;;;;;;3.02;;;;;;;;;;
762;Nepal;2017;125;61.4;72.7;12;14.2;0.26;3495.5;2.47;1741;9.2;22;88.7;65.6;22.3;41.1;;65;188
763;Nepal;2018;126;62.9;73.7;12.3;14.7;0.26;3719.3;2.47;1745;4.6;24;89.2;69.2;20.8;43.3;;65;214
764;Nepal;2019;126;62.7;74.7;13;13.6;0.26;3922.1;2.47;1748;5.8;28;89.6;72.9;19.2;45.5;;65;208
765;Nepal;2020;127;61.8;75;13.7;14.2;0.28;3761.8;2.47;1752;3;30;90.1;76.6;17.6;48.6;;65;216
766;Nepal;2021;129;;;;;0.29;3831.9;2.47;1758;;28;;;;;;;198
767;Nepal;2022;130;;;;;0.28;;2.47;1761;;;;;;;;;
768;Netherlands (Kingdom of the);2017;127;128.3;105.3;69.3;84.3;0.2;55088.6;2.32;1973;28.7;23;99;97.7;99;97.5;;28;8
769;Netherlands (Kingdom of the);2018;127;132;104;67.3;85.6;0.2;56060.9;2.32;1973;21.7;31;99;97.7;99;97.5;7.4;28;8
770;Netherlands (Kingdom of the);2019;130;133.4;104;65.3;85.6;0.2;56784;2.32;1973;38.2;30;99;97.7;99;97.5;7.4;29;8
771;Netherlands (Kingdom of the);2020;133;138;107.3;67.3;85.9;0.2;54275;2.32;1973;39.9;50;99;97.7;99;97.5;7.4;28;8
772;Netherlands (Kingdom of the);2021;135;;;;;0.21;56617.4;2.32;1972;;64;;;;;;;8
773;Netherlands (Kingdom of the);2022;136;;;;;0.21;;2.32;1971;;;;;;;;;
774;New Caledonia;2017;120;113.6;85.7;50;84.8;0.27;;1.16;1808;11.3;8;98.6;99;96;;;36;25
775;New Caledonia;2018;120;113.9;86;50.3;83.9;0.27;;1.16;1809;11.3;12;98.8;99;96.2;;;36;21
776;New Caledonia;2019;122;114.4;87.7;51;84.1;0.27;;1.16;1808;10.1;14;99;99;96.4;;;37;20
777;New Caledonia;2020;124;116.2;89.3;52;84.9;0.27;;1.16;1809;9.2;17;99;99;96.6;;;37;19
778;New Caledonia;2021;126;;;;;0.27;;1.16;1810;;23;;;;;;;21
779;New Caledonia;2022;127;;;;;0.27;;1.16;1809;;;;;;;;;
780;New Zealand;2017;128;113.8;92.7;51;41.6;0.2;42218.5;2.38;1910;98.7;39;99;99;98.2;81.3;;32;10
781;New Zealand;2018;128;115.4;95;53;43.3;0.21;42862.1;2.38;1911;97.3;43;99;99;99;81.3;;32;10
782;New Zealand;2019;128;116.4;95.7;53.4;46.2;0.21;43110.4;2.38;1915;90.7;21;99;99;99;81.4;;32;10
783;New Zealand;2020;127;119.3;96;53.6;44.8;0.21;41642;2.38;1915;90.5;17;99;99;99;82.2;;32;10
784;New Zealand;2021;125;;;;;0.21;42915.5;2.38;1916;;17;;;;;;;10
785;New Zealand;2022;124;;;;;0.21;;2.38;1916;;;;;;;;;
786;Nicaragua;2017;112;62.1;63.3;19.3;39.2;0.33;5915.4;2.18;1775;14.2;31;81.4;72.9;55.3;;;52;17
787;Nicaragua;2018;113;63;64.3;19.3;38.7;0.33;5636.6;2.18;1777;15.8;33;81.5;72.9;55.4;;;52;17
788;Nicaragua;2019;114;64.2;65.7;21;39.1;0.33;5349;2.18;1779;14.8;33;81.6;73;55.4;;;51;16
789;Nicaragua;2020;114;64.8;67;22.4;40.6;0.34;5181.7;2.18;1781;14.9;29;81.7;73;55.5;;;51;16
790;Nicaragua;2021;115;;;;;0.37;5638.7;2.18;1784;;15;;;;;;;16
791;Nicaragua;2022;116;;;;;0.35;;2.18;1787;;;;;;;;;
792;Niger;2017;121;50.2;82;10;6.4;0.31;1156;1.47;1675;10.3;28;46.1;13.4;;15;;63;43
793;Niger;2018;122;51.4;83;10;5.4;0.31;1193.3;1.47;1675;10.6;27;46.4;13.9;;15.4;;63;48
794;Niger;2019;122;52.3;83.4;10;9.1;0.32;1217.4;1.47;1676;9.8;39;46.7;14.3;;15.8;;61;53
795;Niger;2020;123;53.7;83.7;10;13.7;0.36;1214.5;1.47;1676;4.9;27;46.9;14.8;;16.2;;61;65
796;Niger;2021;122;;;;;0.36;1186.6;1.47;1677;;30;;;;;;;68
797;Niger;2022;121;;;;;0.36;;1.47;1678;;;;;;;;;
798;Nigeria;2017;119;58.8;59.7;7.3;17.4;0.28;5120;1.65;1697;15.6;36;72.3;40;20.6;28.7;;67;14
799;Nigeria;2018;118;58.9;60;7;16.2;0.28;5089.8;1.65;1712;16.4;34;74.1;40.9;21;29.3;;67;12
800;Nigeria;2019;117;59;59.7;7;17.1;0.28;5076.4;1.65;1714;7.7;6;75.8;41.8;21.3;29.9;;67;10
801;Nigeria;2020;116;57.8;59;6.7;17.6;0.31;4865.1;1.65;1716;8.6;6;77.6;42.7;21.7;30.5;;67;11
802;Nigeria;2021;115;;;;;0.33;4922.6;1.65;1719;;12;;;;;;;14
803;Nigeria;2022;115;;;;;0.32;;2.5;1721;;;;;;;;;
804;Niue;2017;;;;;;;;3.02;;22.7;;97.3;96.3;94.4;;;;
805;Niue;2018;;;;;;;;3.02;;23.5;;97.2;95.9;94;;;;225
806;Niue;2019;;;;;;;;3.02;;23.6;;97;95.5;93.5;;;;191
807;Niue;2020;;;;;;;;3.02;;21.8;;97;95.5;93.5;;;;238
808;Niue;2021;;;;;;;;3.02;;;;;;;;;;376
809;Niue;2022;;;;;;;;3.02;;;;;;;;;;
810;North Macedonia;2017;119;102.4;81.7;34;30.2;0.21;15706.5;2.19;1927;26.8;22;97.6;96.6;77.9;12.3;2.7;37;14
811;North Macedonia;2018;120;103.8;82.7;35.3;26.6;0.21;16145.6;2.19;1927;48.4;22;97.6;97.2;76.7;12.2;2.7;36;13
812;North Macedonia;2019;121;106.2;83.7;36;27.7;0.22;16773.1;2.19;1927;50;24;97.7;97.8;76.8;12.2;2.7;36;12
813;North Macedonia;2020;123;109;85;36.3;24.4;0.25;15779.7;2.19;1927;49.4;28;97.7;98.3;76.8;12.2;2.7;35;11
814;North Macedonia;2021;123;;;;;0.23;16464.4;2.19;1927;;45;;;;;;;12
815;North Macedonia;2022;123;;;;;0.23;;2.19;1928;;;;;;;;;
816;Norway;2017;135;140.9;112.3;66.7;33;0.2;64050.8;2.11;1952;7.6;69;99;98.1;98.9;64.3;0.7;32;5
817;Norway;2018;135;139.4;113.7;66.7;42;0.2;64341.3;2.11;1953;6.5;65;99;98.1;98.8;64.7;0.7;32;5
818;Norway;2019;136;138.2;115;66;43.8;0.2;64385;2.11;1954;8.8;44;99;98.1;98.7;65;;32;5
819;Norway;2020;138;137.3;116.7;65;44.6;0.2;63548;2.11;1956;9;46;99;98.1;98.6;65.4;0.6;33;6
820;Norway;2021;139;;;;;0.2;65662.2;2.11;1957;;58;;;;;;;5
821;Norway;2022;139;;;;;0.21;;2.11;1958;;;;;;;;;
822;Oman;2017;121;76.6;84.6;42.3;93;0.26;34218.4;3.2;1925;12.2;67;91.1;99;89.5;;;42;11
823;Oman;2018;123;78.8;84.4;42;93.5;0.26;34212.1;3.2;1917;13.5;59;91.5;99;89.9;;;41;9
824;Oman;2019;127;80.4;85.7;42;87.8;0.26;33814.1;3.2;1903;14;51;91.9;99;90.3;;;41;8
825;Oman;2020;133;83.5;86;41.7;82.2;0.26;33098.2;3.2;1887;11.7;74;92.2;99;90.6;;;41;9
826;Oman;2021;135;;;;;0.26;34294.8;3.2;1876;;136;;;;;;;9
827;Oman;2022;135;;;;;0.26;;3.2;1876;;;;;;;;;
828;Pakistan;2017;111;77;65;27.3;-17.3;0.24;4891.7;3.28;1728;17.6;21;89.7;62.9;35.9;;1;51;26
829;Pakistan;2018;112;77.9;65.7;27.7;-18.1;0.24;5113.4;3.28;1730;13.7;26;89.9;64.8;35.7;;1;51;27
830;Pakistan;2019;111;79.2;66.3;28.7;-21.4;0.24;5157.5;3.28;1732;6.8;15;90;66.6;35.8;;1;50;25
831;Pakistan;2020;111;80.5;67;29.3;-20.2;0.3;5004.4;3.28;1734;6;23;90.1;68.4;35.8;;;50;26
832;Pakistan;2021;111;;;;;0.32;5232.1;3.28;1737;;22;;;;;;;28
833;Pakistan;2022;112;;;;;0.33;;3.28;1740;;;;;;;;;
834;Palau;2017;;;;;;;17594.7;3.02;;;;99;99;90.9;;;;
835;Palau;2018;;;;;;;17587.1;3.02;;;;99;99;91;;;;
836;Palau;2019;;;;;;;17605.5;3.02;;;;99;99;91.2;;;;
837;Palau;2020;;;;;;;15952.3;3.02;;;;99;99;91.3;;;;
838;Palau;2021;;;;;;;13785.4;3.02;;;;;;;;;;
839;Palau;2022;;;;;;;;3.02;;;;;;;;;;
840;Palestine;2017;;;;;;;6401.7;3.02;1719;10.6;;97;97.2;78.7;62.1;;;47
841;Palestine;2018;;;;;;;6318.2;3.02;1721;10.1;;97.3;97.6;79;63.6;;;48
842;Palestine;2019;;;;;;;6245.4;3.02;1724;10;;97.6;98.1;79.4;65.1;;;47
843;Palestine;2020;;;;;;;5402.5;3.02;1727;16.6;;97.9;98.6;79.7;66.7;;;45
844;Palestine;2021;;;;;;;5643.1;3.02;1731;;;;;;;;;37
845;Palestine;2022;;;;;;;;3.02;1735;;;;;;;;;
846;Panama;2017;124;80.4;78.7;42.3;71.1;0.28;30526.4;3.46;1782;4.9;59;93.6;81;;;;43;14
847;Panama;2018;128;82.6;82.1;44;68.8;0.28;31125.6;3.46;1783;5;37;93.9;82.2;;;;45;16
848;Panama;2019;131;89.2;84.4;46.4;66.5;0.28;31543.6;3.46;1785;4.9;56;94.2;83.4;;;;44;17
849;Panama;2020;132;95.5;87;48.7;64.5;0.28;25510.3;3.46;1787;5.8;66;94.4;84.6;;;;44;18
850;Panama;2021;132;;;;;0.29;29037.9;3.46;1789;;61;;;;;;;17
851;Panama;2022;132;;;;;0.3;;3.46;1790;;;;;;;;;
852;Papua New Guinea;2017;100;57.5;65;37.3;77.8;0.27;3966.9;1.51;1727;6.3;20;43;19;;;;46;10
853;Papua New Guinea;2018;100;55.8;64.3;36.3;90.6;0.27;3864.9;1.51;1730;5;20;43.8;19.1;;;;46;9
854;Papua New Guinea;2019;99;56.9;63.7;35.3;97.9;0.27;3947.9;1.51;1732;3.1;22;44.6;19.1;;;;46;7
855;Papua New Guinea;2020;100;57.8;63.3;34.7;100;0.27;3741.6;1.51;1735;1.6;9;45.3;19.2;;;;46;7
856;Papua New Guinea;2021;100;;;;;0.27;3677.5;1.51;1737;;19;;;;;;;7
857;Papua New Guinea;2022;99;;;;;0.27;;1.51;1740;;;;;;;;;
858;Paraguay;2017;131;87.3;66;26;-116.1;0.25;13604.2;3.09;1822;172;52;99;89.7;63.8;58.1;;48;8
859;Paraguay;2018;131;88.4;68;27;-63.4;0.25;13848.5;3.09;1824;38.6;56;99;90.7;64;58.8;;48;9
860;Paraguay;2019;131;89.6;70;27.7;-72.4;0.26;13609.7;3.09;1825;39.6;43;99;91.8;64;59.5;;49;9
861;Paraguay;2020;131;89;71.3;27.3;-74.6;0.26;13317.3;3.09;1826;73.9;17;99;92.7;64.1;60.1;;50;9
862;Paraguay;2021;131;;;;;0.26;13687.7;3.09;1827;;12;;;;;;;9
863;Paraguay;2022;130;;;;;0.27;;3.09;1829;;;;;;;;;
864;Peru;2017;120;58.2;86.3;40.3;51.3;0.25;12442.7;2.8;1778;6.3;14;91.4;76.5;50.4;45.4;;53;9
865;Peru;2018;120;59.2;87.4;41.7;52.7;0.25;12696.2;2.8;1781;12;19;92;77.2;50.7;47.8;;53;8
866;Peru;2019;121;61.3;89.4;43;54.1;0.25;12735.2;2.8;1784;10.4;19;92.6;77.9;51;50.3;;52;8
867;Peru;2020;122;63.2;90.7;44;54.2;0.27;11176.9;2.8;1787;8.6;18;93.1;78.6;51.3;52.8;;52;8
868;Peru;2021;122;;;;;0.26;12514.7;2.8;1789;;22;;;;;;;8
869;Peru;2022;122;;;;;0.26;;2.8;1790;;;;;;;;;
870;Philippines;2017;118;56.4;61.3;25.7;21.3;0.26;8001.8;1.98;1740;4.7;24;92.9;78;46.8;57.1;;58;12
871;Philippines;2018;121;59.1;62.7;26.3;23.9;0.25;8365.7;1.98;1742;4;30;93.3;79.4;47;58.3;;59;13
872;Philippines;2019;123;57.4;64.7;26.7;26.9;0.25;8731.9;1.98;1744;3.9;41;93.7;80.8;47.2;59.5;;60;14
873;Philippines;2020;125;54.6;66.7;26.7;28.5;0.27;7773.3;1.98;1746;3.7;42;94.1;82.3;47.5;60.6;;61;15
874;Philippines;2021;126;;;;;0.27;8094.7;1.98;1748;;31;;;;;;;16
875;Philippines;2022;127;;;;;0.27;;1.98;1750;;;;;;;;;
876;Poland;2017;134;123.5;102.7;56;-18.1;0.21;29958.1;2.14;1927;19.8;33;99;99;97.2;90.2;5.9;38;6
877;Poland;2018;137;125.3;104.3;57.3;-15;0.21;31739.3;2.14;1925;22.6;35;99;99;97.8;90.4;5.9;38;6
878;Poland;2019;138;127.3;106;58.7;-12.7;0.2;33159.7;2.14;1923;23.4;44;99;99;98.3;90.5;5.9;38;6
879;Poland;2020;139;130.3;107.7;60.7;-18.1;0.21;32546.8;2.14;1922;25.2;45;99;99;98.3;90.5;6;37;6
880;Poland;2021;141;;;;;0.21;34915.5;2.14;1922;;25;;;;;;;6
881;Poland;2022;140;;;;;0.21;;2.14;1926;;;;;;;;;
882;Portugal;2017;138;135.3;113;70.3;72.1;0.21;33044.7;2.26;1914;30.9;27;99;99;95.4;82.8;2.8;33;13
883;Portugal;2018;138;135.3;115;73;74.3;0.21;34040.7;2.26;1913;33.6;26;99;99;95.4;84.8;2.8;32;13
884;Portugal;2019;139;139.4;116.7;75;75.2;0.2;34945.7;2.26;1911;38.2;29;99;99;95.4;85;2.7;32;13
885;Portugal;2020;140;144;117.7;76.3;74.8;0.21;32011.3;2.26;1911;35.6;25;99;99;95.4;85.1;2.7;31;14
886;Portugal;2021;141;;;;;0.2;33674.5;2.26;1910;;24;;;;;;;14
887;Portugal;2022;142;;;;;0.21;;2.26;1910;;;;;;;;;
888;Puerto Rico;2017;;;;;;0.11;34363.8;3.02;1908;2.7;;99;99;99;32.5;;;
889;Puerto Rico;2018;;;;;;0.11;34223.1;3.02;1908;2.4;;99;99;99;32.5;;;
890;Puerto Rico;2019;;;;;;0.11;34792.7;3.02;1911;2.9;;99;99;99;32.5;;;
891;Puerto Rico;2020;;;;;;0.11;32387.2;3.02;1911;1.3;;99;99;99;32.5;;;
892;Puerto Rico;2021;;;;;;0.11;32632.9;3.02;1909;;;;;;;;;
893;Puerto Rico;2022;;;;;;0.11;;3.02;1909;;;;;;;;;
894;Qatar;2017;;;;;;0.11;92177.6;3.02;2057;5.3;;99;99;96.2;97.2;;;4
895;Qatar;2018;;;;;;0.11;91461.6;3.02;2053;6.4;;99;99;96.2;97.2;;;4
896;Qatar;2019;;;34.2;16.3;;0.11;90840.4;3.02;2042;5.1;;99;99;96.2;97.2;;;4
897;Qatar;2020;;;67.1;31.7;;0.11;89019.1;3.02;2033;4.9;;99;99;96.2;97.2;;;4
898;Qatar;2021;;;;;;0.11;92862.4;3.02;2030;;;;;;;;;4
899;Qatar;2022;;;;;;0.11;;3.02;2030;;;;;;;;;
900;Republic of Korea;2017;134;114.1;95;50.3;72.1;0.22;40957.4;1.24;1897;7.7;23;99;99;98.9;97.7;4.1;37;4
901;Republic of Korea;2018;135;116.6;96.7;51.3;73.1;0.22;41965.9;1.24;1896;7.5;18;99;99;99;99;4.2;36;4
902;Republic of Korea;2019;136;120.4;97.3;52.3;73.9;0.22;42758.6;1.24;1896;7.5;18;99;99;99;99;4.1;36;4
903;Republic of Korea;2020;136;123.6;97.7;53;76;0.22;42396.8;1.24;1896;3.6;15;99;99;99;99;4.3;35;4
904;Republic of Korea;2021;135;;;;;0.22;44232.2;1.24;1896;;14;;;;;;;4
905;Republic of Korea;2022;135;;;;;0.22;;1.24;1895;;;;;;;;;
906;Republic of Moldova;2017;136;73;70.7;29.3;-44.2;0.19;11651.2;2.03;1896;68.1;14;89.4;77.1;73.1;;3.4;49;21
907;Republic of Moldova;2018;139;73.8;71;29.3;-47.4;0.19;12367.8;2.03;1891;58.6;14;89.8;77.6;73.4;;3.4;49;21
908;Republic of Moldova;2019;140;73.7;70.3;28.3;-50.6;0.19;13030.2;2.03;1890;70.7;11;90.2;78.2;73.7;;3.4;49;21
909;Republic of Moldova;2020;140;75.1;69.3;27.7;-57.1;0.2;12201.8;2.03;1890;71.5;10;90.6;78.7;74.1;;3.4;49;23
910;Republic of Moldova;2021;140;;;;;0.2;14009.2;2.03;1889;;39;;;;;;;24
911;Republic of Moldova;2022;137;;;;;0.2;;2.03;1897;;;;;;;;;
912;Romania;2017;144;121.7;108.3;54.3;-59.1;0.21;26943.3;2.22;1911;58.9;88;99;84.6;81.9;77.4;4.5;40;9
913;Romania;2018;145;122.8;108.7;54.3;-44.1;0.21;28736.1;2.22;1909;50.1;76;99;85.4;81.9;79.8;4.5;40;9
914;Romania;2019;146;124;108;53.3;-41.3;0.2;30001;2.22;1907;64.2;53;99;86.2;82;82.3;4.5;41;9
915;Romania;2020;147;126.1;107;53;-51.4;0.2;29057.3;2.22;1907;64.1;39;99;87.1;82;83.1;4.5;41;10
916;Romania;2021;148;;;;;0.21;30771.4;2.22;1907;;28;;;;;;;11
917;Romania;2022;148;;;;;0.23;;2.22;1910;;;;;;;;;
918;Russian Federation;2017;135;107.9;101.7;53.3;-42.3;0.22;25926.4;2.19;1896;18.5;28;96.7;88.6;75.8;60.2;0.5;42;7
919;Russian Federation;2018;136;110.1;102;54;-68.1;0.22;26656.4;2.19;1896;8.3;19;96.8;88.9;75.9;60.5;0.5;41;6
920;Russian Federation;2019;136;112.2;103;55;-72.6;0.22;27254.6;2.19;1896;11.3;18;96.9;89.1;76;60.7;0.5;41;6
921;Russian Federation;2020;137;115.1;104;55.7;-73.5;0.22;26583.8;2.19;1897;11.1;12;97;89.4;76.1;60.8;0.5;41;6
922;Russian Federation;2021;137;;;;;0.22;27960.1;2.19;1899;;21;;;;;;;6
923;Russian Federation;2022;138;;;;;0.22;;2.19;1901;;;;;;;;;
924;Rwanda;2017;100;26.6;59.7;8;35.2;0.34;1935;3.2;1725;39.5;24;58.7;66.6;11.1;;;54;53
925;Rwanda;2018;100;27.2;59.7;7.7;36.8;0.34;2050.4;3.2;1728;33.1;37;59.6;67.7;11.6;;;54;52
926;Rwanda;2019;100;27.5;59;7.3;35.6;0.35;2191.4;3.2;1731;11.7;33;60.4;68.9;12.1;;;54;48
927;Rwanda;2020;99;27;57.6;7;34;0.36;2067.6;3.2;1734;15.7;24;60.4;68.8;12.1;;;54;39
928;Rwanda;2021;100;;;;;0.37;2239;3.2;1737;;19;;;;;;;41
929;Rwanda;2022;101;;;;;0.34;;3.2;1740;;;;;;;;;
930;Saint Kitts and Nevis;2017;;105.8;78.3;50;;0.26;29333.4;3.28;1905;6.8;;98.6;95;;;;28;127
931;Saint Kitts and Nevis;2018;;107.2;78;49.7;;0.26;29950.5;3.28;1904;3.7;;;;;;;27;120
932;Saint Kitts and Nevis;2019;;108;75;47.3;;0.26;31194.7;3.28;1906;4.2;;;;;;;27;95
933;Saint Kitts and Nevis;2020;;105.8;70.7;44.3;;0.26;26700.7;3.28;1907;8.3;;;;;;;29;76
934;Saint Kitts and Nevis;2021;;;;;;0.26;26485.8;3.28;1905;;;;;;;;;69
935;Saint Kitts and Nevis;2022;;;;;;0.26;;3.28;1907;;;;;;;;;
936;Saint Lucia;2017;;83.7;86;52.3;98.8;0.22;15247.5;3.63;1927;3.1;;96.4;83.3;;;;35;97
937;Saint Lucia;2018;;83.8;88;54.3;100;0.22;15622.8;3.63;1926;3;;96.9;83.4;;;;35;117
938;Saint Lucia;2019;;80.6;87;53;100;0.22;15460.8;3.63;1926;7.5;;96.9;83.4;;;;34;132
939;Saint Lucia;2020;;76.9;87.7;54;100;0.22;11651.2;3.63;1924;10.1;;96.9;83.4;;;;35;157
940;Saint Lucia;2021;;;;;;0.22;13046;3.63;1925;;;;;;;;;314
941;Saint Lucia;2022;;;;;;0.22;;3.63;1925;;;;;;;;;
942;Saint Vincent and the Grenadines;2017;125;82.4;89.7;49.7;100;0.24;13633;3.7;1918;8.9;14;95.1;87.2;;;;38;192
943;Saint Vincent and the Grenadines;2018;127;87;88.7;49.3;100;0.24;14084.9;3.7;1916;9.1;38;95.1;87.2;;;;36;193
944;Saint Vincent and the Grenadines;2019;128;90;89.3;50;97.3;0.24;14190;3.7;1914;9;51;;;;;;34;210
945;Saint Vincent and the Grenadines;2020;128;94;88.3;50;89.6;0.24;13473.6;3.7;1912;8.1;46;;;;;;33;182
946;Saint Vincent and the Grenadines;2021;127;;;;;0.24;13695;3.7;1912;;56;;;;;;;165
947;Saint Vincent and the Grenadines;2022;130;;;;;0.24;;3.7;1910;;;;;;;;;
948;Samoa;2017;121;135.3;88;53;;0.27;6238.8;3.26;1812;45.9;5;91.7;96.6;46.2;47.7;;31;163
949;Samoa;2018;121;136.9;87.7;52.3;;0.27;6139.5;3.26;1813;46.9;9;91.8;96.8;46.2;47.7;;31;180
950;Samoa;2019;122;129.1;88;51.3;98.6;0.27;6346.1;3.26;1815;38.7;23;91.8;96.8;46.2;47.7;;34;193
951;Samoa;2020;123;121.7;87.3;49.7;;0.27;6062.4;3.26;1813;7.1;24;91.8;96.8;46.2;47.7;;38;204
952;Samoa;2021;129;;;;;0.27;5534.1;3.26;1817;;46;;;;;;;224
953;Samoa;2022;132;;;;;0.27;;3.26;1820;;;;;;;;;
954;Sao Tome and Principe;2017;105;71.8;52.3;16.7;;0.23;3934.9;3.2;1749;12.2;23;78.1;43.4;35.1;31.3;;42;310
955;Sao Tome and Principe;2018;105;71.7;52.7;16.7;;0.23;3987.4;3.2;1755;13.2;21;78.2;44.8;35.5;32.4;;43;273
956;Sao Tome and Principe;2019;105;68.8;53.7;17.3;;0.23;4013.7;3.2;1759;12.6;21;78.2;46.2;35.8;33.5;;44;282
957;Sao Tome and Principe;2020;106;66.5;54.7;18;;0.23;4058.7;3.2;1762;12.4;19;78.2;47.6;36.2;34.7;;46;300
958;Sao Tome and Principe;2021;107;;;;;0.23;4052.1;3.2;1769;;7;;;;;;;310
959;Sao Tome and Principe;2022;108;;;;;0.23;;3.2;1775;;;;;;;;;
960;Saudi Arabia;2017;133;106.3;90;36.3;89;0.28;45795.5;4.03;1868;7.9;82;99;99;;55.5;0.1;49;10
961;Saudi Arabia;2018;133;106.3;88.3;34.6;95.2;0.28;45840.8;4.03;1871;9.3;71;99;99;;56.6;0.1;49;8
962;Saudi Arabia;2019;133;105.2;88;33.7;94.2;0.28;44955;4.03;1875;8.3;28;99;99;;57.8;;49;7
963;Saudi Arabia;2020;133;102.7;89.4;34.7;93.7;0.28;42891.7;4.03;1873;4.8;37;99;99;;59.1;;49;7
964;Saudi Arabia;2021;134;;;;;0.27;44339.3;4.03;1870;;40;;;;;;;8
965;Saudi Arabia;2022;134;;;;;0.27;;4.03;1870;;;;;;;;;
966;Senegal;2017;115;66.9;61.7;14.3;47.8;0.24;3259.2;2.46;1754;13.2;33;81.1;54;;22.4;;64;50
967;Senegal;2018;117;67.4;62.7;14.3;46.5;0.24;3368.9;2.46;1758;16.9;20;82.4;54.9;;23.1;;64;48
968;Senegal;2019;118;69;63;13.6;44.7;0.25;3430.5;2.46;1761;20.6;20;83.7;55.8;;23.8;;63;44
969;Senegal;2020;120;71.5;63.7;12.6;43.3;0.26;3383.9;2.46;1764;15.6;19;84.9;56.8;;24.1;;63;42
970;Senegal;2021;122;;;;;0.26;3495.4;2.46;1767;;27;;;;;;;40
971;Senegal;2022;124;;;;;0.26;;2.46;1771;;;;;;;;;
972;Serbia;2017;131;84.1;84;41.3;-54.7;0.2;16611;1.5;1914;70.9;117;94.1;97.8;74.9;18.3;4.2;43;8
973;Serbia;2018;131;86.5;83.7;41;-45.9;0.2;17452.8;1.5;1914;59.1;97;94.5;97.9;75;18.1;4.2;42;7
974;Serbia;2019;133;87.3;85;41.7;-51.8;0.2;18306.8;1.5;1913;63.2;22;94.9;97.9;75;18.2;4.2;43;8
975;Serbia;2020;135;89.9;87;43;-52.6;0.22;18262.7;1.5;1912;64.7;24;95.3;97.9;75;18.4;3.9;43;8
976;Serbia;2021;138;;;;;0.22;19827.8;1.5;1911;;40;;;;;;;9
977;Serbia;2022;140;;;;;0.21;;1.5;1911;;;;;;;;;
978;Seychelles;2017;119;97.3;90;48.7;100;0.23;28116.7;1.51;1872;3.5;49;96.3;99;;;;38;31
979;Seychelles;2018;120;98.5;93.4;51;98.5;0.23;28740.5;1.51;1872;3.9;71;96.3;99;;;;38;29
980;Seychelles;2019;121;97.4;96;51.3;97;0.23;29369.5;1.51;1872;3.3;54;96.9;99;;;;40;27
981;Seychelles;2020;121;95.4;98;51;95.5;0.23;26879.8;1.51;1870;3.3;41;;99;;;;41;30
982;Seychelles;2021;122;;;;;0.23;28760.5;1.51;1867;;23;;;;;;;34
983;Seychelles;2022;120;;;;;0.23;;1.51;1866;;;;;;;;;
984;Sierra Leone;2017;106;48.6;49;11.3;40.5;0.35;1593.5;2.43;1736;24.3;73;60.2;15.5;9.6;13.2;;70;61
985;Sierra Leone;2018;105;46.9;48.7;11;39.5;0.35;1610.2;2.43;1740;28.5;56;61.4;15.9;9.9;13.5;;70;57
986;Sierra Leone;2019;105;49.7;49.3;11.3;40.3;0.35;1655.7;2.43;1742;20.9;40;62.6;16.2;10.3;13.8;;69;59
987;Sierra Leone;2020;104;51.4;49.7;11.7;38.8;0.35;1586.2;2.43;1746;10.7;43;63.8;16.5;10.6;14;;68;70
988;Sierra Leone;2021;104;;;;;0.34;1614.7;2.43;1749;;23;;;;;;;72
989;Sierra Leone;2022;104;;;;;0.35;;2.43;1753;;;;;;;;;
990;Singapore;2017;;;;;;0.11;95310.3;3.02;1917;0.3;;99;99;99;99;;;3
991;Singapore;2018;;;;;;0.11;98337;3.02;1914;1;;99;99;99;99;;;3
992;Singapore;2019;;;;;;0.11;98283.3;3.02;1910;1;;99;99;99;99;;;3
993;Singapore;2020;;;;;;0.11;94505.6;3.02;1907;1;;99;99;99;99;;;3
994;Singapore;2021;;;;;;0.11;106032;3.02;1906;;;;;;;;;3
995;Singapore;2022;;;;;;0.11;;3.02;1904;;;;;;;;;
996;Slovakia;2017;111;127.6;68.3;36.3;-107.9;0.2;30061.6;1.67;1949;38.1;56;99;97.5;99;82.1;7.4;32;5
997;Slovakia;2018;113;133.8;68.7;37.3;-85.5;0.2;31229.9;1.67;1947;31.5;55;99;97.5;99;82;7.4;30;5
998;Slovakia;2019;115;141.1;69;38;-74.7;0.2;31973.5;1.67;1944;30.4;48;99;97.5;99;81.9;7.4;30;5
999;Slovakia;2020;118;146.1;70.3;38.3;-49.8;0.21;30868;1.67;1944;25.7;73;99;97.5;99;81.9;7.4;31;5
1000;Slovakia;2021;120;;;;;0.21;31866;1.67;1943;;47;;;;;;;5
1001;Slovakia;2022;119;;;;;0.21;;1.67;1947;;;;;;;;;
1002;Slovenia;2017;128;113.9;97.3;52.3;28.5;0.2;36507.6;2.16;1916;26.5;18;99;98.1;98.3;68.1;5.9;40;6
1003;Slovenia;2018;128;114.8;96.7;51.7;29.3;0.2;37995.7;2.16;1915;23.4;18;99;98.1;98.3;69.2;5.9;40;6
1004;Slovenia;2019;128;114.7;96.7;52.3;28.1;0.2;39034.2;2.16;1915;10.9;18;99;98.1;98.3;70.4;5.9;39;6
1005;Slovenia;2020;127;115.1;97.3;52.3;21.6;0.2;37098.1;2.16;1916;9.6;16;99;98.1;98.3;71.5;5.9;40;6
1006;Slovenia;2021;126;;;;;0.21;40036.5;2.16;1917;;18;;;;;;;6
1007;Slovenia;2022;126;;;;;0.21;;2.16;1917;;;;;;;;;
1008;Solomon Islands;2017;105;47.8;54.3;15.7;;0.29;2625.1;2.02;1699;7.6;19;67.8;33.5;;;;69;25
1009;Solomon Islands;2018;106;49.6;53.3;15.3;;0.29;2633.3;2.02;1701;6.2;30;67;34.2;;;;68;24
1010;Solomon Islands;2019;107;53.5;52;15;;0.29;2616.9;2.02;1702;5.7;31;67.2;34.5;;;;66;24
1011;Solomon Islands;2020;107;56.4;50.6;15;;0.29;2469.1;2.02;1706;5;25;67.3;34.8;;;;64;24
1012;Solomon Islands;2021;107;;;;;0.29;2406.1;2.02;1707;;14;;;;;;;24
1013;Solomon Islands;2022;108;;;;;0.29;;2.02;1709;;;;;;;;;
1014;Somalia;2017;79;;;;;0.3;1059.1;1.51;1699;10.7;27;51.8;36.1;;28.8;;;278
1015;Somalia;2018;79;;;;;0.3;1098.5;1.51;1701;9.1;27;53.4;37.2;;29.7;;;318
1016;Somalia;2019;81;;;;;0.3;1138.3;1.51;1702;2.6;32;54.9;38.2;;30.6;;;387
1017;Somalia;2020;82;;;;;0.34;1127.4;1.51;1703;3.3;15;56.5;39.3;;31.5;;;433
1018;Somalia;2021;84;;;;;0.34;1136.7;1.51;1704;;18;;;;;;;472
1019;Somalia;2022;85;;;;;0.34;;1.51;1706;;;;;;;;;
1020;South Africa;2017;119;87.9;80.3;36.3;17.9;0.25;13950.5;2.72;1827;16.9;20;92.7;75.8;;;1.7;52;6
1021;South Africa;2018;120;88.2;80;35.7;15.2;0.25;13990.3;2.72;1828;17;25;93.1;76.7;;;1.7;52;6
1022;South Africa;2019;121;89.2;79.7;35.7;9;0.25;13852.2;2.72;1829;16.7;33;93.5;77.6;;;1.7;52;6
1023;South Africa;2020;120;90.7;79.7;36;7.8;0.26;12815.9;2.72;1830;12.2;34;93.9;78.5;;;1.7;51;6
1024;South Africa;2021;119;;;;;0.26;13311.9;2.72;1832;;22;;;;;;;5
1025;South Africa;2022;117;;;;;0.26;;2.72;1834;;;;;;;;;
1026;South Sudan;2017;;;;;;0.3;;3.02;1691;3.8;;41.1;13.2;;;;;16
1027;South Sudan;2018;;;;;;0.3;;3.02;1690;3.5;;41;14.5;;;;;22
1028;South Sudan;2019;35;;21.2;9.6;;0.29;;3.02;1699;2.2;;40.8;15.7;;;;;23
1029;South Sudan;2020;72;;42.8;18.7;;0.29;;3.02;1711;3.5;;41;15.8;;;;;28
1030;South Sudan;2021;107;;;;;0.29;;3.02;1721;;;;;;;;;40
1031;South Sudan;2022;106;;;;;0.29;;3.02;1730;;;;;;;;;
1032;Spain;2017;131;149.8;106.3;66;38.6;0.21;39528.9;2.1;1921;76.5;31;99;99;99;95.7;3.1;27;8
1033;Spain;2018;133;151.6;107.7;66.7;38.1;0.21;40255.3;2.1;1921;47;36;99;99;99;95.7;3.1;27;8
1034;Spain;2019;134;152.7;109;68.3;41.9;0.21;40760.3;2.1;1922;59.7;44;99;99;99;95.7;3.1;27;8
1035;Spain;2020;135;153.6;110.3;69.7;36.4;0.21;35967.9;2.1;1924;64.6;33;99;99;99;95.7;3.1;27;8
1036;Spain;2021;134;;;;;0.21;37913.1;2.1;1926;;25;;;;;;;8
1037;Spain;2022;134;;;;;0.21;;2.1;1926;;;;;;;;;
1038;Sri Lanka;2017;110;49.2;66.3;18;29.6;0.22;13584.2;2.05;1783;10;29;91.5;92.7;;;2.4;58;19
1039;Sri Lanka;2018;111;50.1;67;18;32;0.22;13753.1;2.05;1784;23.6;23;92.2;93.7;;;2.4;58;18
1040;Sri Lanka;2019;113;51.1;67.7;18;32.4;0.23;13639;2.05;1786;21.6;17;92.2;93.7;;;2.4;58;17
1041;Sri Lanka;2020;114;52.2;68.3;18.3;20.9;0.23;13095.8;2.05;1788;21.7;5;92.2;93.7;;;;58;17
1042;Sri Lanka;2021;116;;;;;0.23;13386.7;2.05;1789;;9;;;;;;;18
1043;Sri Lanka;2022;117;;;;;0.23;;2.05;1791;;;;;;;;;
1044;Sudan;2017;119;65.2;73.7;20.7;29.3;0.27;4614;4.04;1721;23.3;37;60.3;36.6;;;;53;72
1045;Sudan;2018;118;66.2;74;20.3;22.8;0.27;4349.2;4.04;1722;24.7;63;60.3;36.7;;;0.1;54;79
1046;Sudan;2019;117;66.9;74.7;19.7;25.9;0.28;4133.1;4.04;1723;25.6;58;60.4;36.8;;;0.1;54;58
1047;Sudan;2020;118;70.1;74.7;19.3;33.5;0.28;3874.8;4.04;1724;20.9;42;60.4;36.9;;;0.1;53;62
1048;Sudan;2021;118;;;;;0.29;3701.1;4.04;1726;;30;;;;;;;55
1049;Sudan;2022;119;;;;;0.29;;4.04;1728;;;;;;;;;
1050;Suriname;2017;110;78.4;61;25.7;-11.5;0.24;17753.1;2.34;1849;8.6;32;96.6;87.9;55.1;26.1;;44;11
1051;Suriname;2018;110;77.2;62;26.3;-17.5;0.24;18438.3;2.34;1848;8.3;37;97.1;88.5;55.3;25.7;;44;9
1052;Suriname;2019;111;77.3;64;28.4;-20.1;0.24;18449.2;2.34;1850;8.3;30;97.5;89.2;55.5;25.4;;44;8
1053;Suriname;2020;111;77.3;66;30.3;-27;0.24;15329.2;2.34;1851;6.9;26;98;90;55.8;25.2;;44;8
1054;Suriname;2021;111;;;;;0.24;14766.7;2.34;1850;;28;;;;;;;8
1055;Suriname;2022;112;;;;;0.24;;2.34;1847;;;;;;;;;
1056;Sweden;2017;127;136.5;106.3;69.3;-30.8;0.2;51948;1.95;1940;17.8;19;99;99;99;94.8;1.8;28;7
1057;Sweden;2018;126;135.3;105.7;67.7;-24.6;0.2;52349.3;1.95;1940;15.1;24;99;99;99;94.9;1.8;29;7
1058;Sweden;2019;126;133.2;107;68;-14.1;0.2;52850.6;1.95;1941;37;37;99;99;99;94.9;1.8;30;7
1059;Sweden;2020;127;133;108;68.7;-18.6;0.21;51331.3;1.95;1942;36.5;27;99;99;99;94.9;1.8;30;7
1060;Sweden;2021;129;;;;;0.2;53613.4;1.95;1943;;35;;;;;;;7
1061;Sweden;2022;129;;;;;0.21;;1.95;1944;;;;;;;;;
1062;Switzerland;2017;132;156.4;96.3;61;56.4;0.2;69103.6;1.83;1962;10.4;20;99;99;94.2;99;9.8;24;3
1063;Switzerland;2018;132;156;96.3;60.7;56.4;0.2;70558.6;1.83;1961;9.8;19;99;99;94.2;99;9.8;25;3
1064;Switzerland;2019;132;157;96.3;60;53.8;0.2;70857.1;1.83;1960;11.3;20;99;99;94.2;99;8.8;25;3
1065;Switzerland;2020;133;158.8;96.7;60.3;52.7;0.2;68670.2;1.83;1959;9.3;24;99;99;94.2;99;8.9;25;3
1066;Switzerland;2021;134;;;;;0.2;71032.8;1.83;1958;;29;;;;;;;3
1067;Switzerland;2022;134;;;;;0.2;;1.83;1957;;;;;;;;;
1068;Syrian Arab Republic;2017;121;102.1;70.3;20.7;28.8;0.33;;3.01;1774;30.8;21;93.8;90;;;;44;106
1069;Syrian Arab Republic;2018;116;100.2;69.7;20.3;43;0.34;;3.01;1789;33.3;20;93.9;89.9;;;;44;92
1070;Syrian Arab Republic;2019;112;97.4;71.4;20;37.3;0.35;;3.01;1804;32.7;25;93.9;89.8;;;;46;84
1071;Syrian Arab Republic;2020;108;94.5;76.1;20.3;29.2;0.35;;3.01;1816;14.2;24;93.9;89.7;;;;49;96
1072;Syrian Arab Republic;2021;106;;;;;0.35;;3.01;1825;;12;;;;;;;127
1073;Syrian Arab Republic;2022;103;;;;;0.35;;3.01;1834;;;;;;;;;
1074;Tajikistan;2017;111;70.7;71.4;21.7;45.4;0.28;3236.4;2.4;1770;36.6;18;79;96.1;53.6;;0.4;57;60
1075;Tajikistan;2018;114;74.4;74.7;24;47.7;0.29;3405.1;2.4;1771;36.4;23;80.4;96.4;54.4;;0.4;55;53
1076;Tajikistan;2019;118;78.6;78.1;26;48.4;0.28;3575.3;2.4;1772;36.1;32;81.8;96.8;55.2;;0.4;53;51
1077;Tajikistan;2020;120;80.4;80.3;27;50.4;0.3;3651.9;2.4;1774;15.1;41;81.9;96.8;55.2;;0.5;53;52
1078;Tajikistan;2021;121;;;;;0.29;3903.3;2.4;1776;;33;;;;;;;50
1079;Tajikistan;2022;121;;;;;0.28;;2.4;1779;;;;;;;;;
1080;Thailand;2017;113;65.4;61.3;26;-58;0.23;17008;1.91;1885;26.2;16;99;97.8;;24.9;0.8;47;4
1081;Thailand;2018;113;66.4;61.7;26.7;-62.2;0.23;17669;1.91;1884;19.7;18;99;98.1;;25.3;;47;3
1082;Thailand;2019;114;67.4;62;26.7;-59.4;0.23;18003.7;1.91;1884;17.7;18;99;98.4;;25.6;;47;3
1083;Thailand;2020;115;67.3;63;26.3;-36.5;0.23;16848.6;1.91;1883;17.2;16;99;98.7;;25.9;;49;4
1084;Thailand;2021;117;;;;;0.24;17077;1.91;1883;;18;;;;;;;4
1085;Thailand;2022;118;;;;;0.24;;1.91;1882;;;;;;;;;
1086;Timor-Leste;2017;100;51.2;57.7;16.3;28.6;0.31;3138.4;2.15;1709;5.4;17;79.8;53.5;;;;67;360
1087;Timor-Leste;2018;101;52.4;54.6;14.3;37.2;0.31;3070.8;2.15;1715;5.2;12;82.1;54.6;;;;66;360
1088;Timor-Leste;2019;102;54.8;51.6;12.6;41.8;0.31;3737.8;2.15;1719;5.2;16;83.8;55.7;;;;64;189
1089;Timor-Leste;2020;103;56.9;49;10.7;;0.31;4856.5;2.15;1723;5.9;16;85.5;56.8;;;;63;104
1090;Timor-Leste;2021;103;;;;;0.31;5032.4;2.15;1729;;16;;;;;;;48
1091;Timor-Leste;2022;105;;;;;0.31;;2.15;1732;;;;;;;;;
1092;Togo;2017;107;51.4;56;9.3;18.7;0.3;1972.7;2.29;1742;6.5;43;66;17.3;18.2;8.7;;71;22
1093;Togo;2018;107;52.2;56.3;9.3;19.5;0.3;2021;2.29;1745;4.1;48;67.2;17.9;18.8;8.9;;71;23
1094;Togo;2019;107;56.8;56.7;9.3;19.8;0.3;2080.5;2.29;1747;4;47;68.4;18.5;19.4;9.1;;70;26
1095;Togo;2020;109;61.1;56.7;9;21.2;0.31;2067;2.29;1749;4.3;26;68.6;18.6;19.6;9.1;;69;29
1096;Togo;2021;111;;;;;0.32;2124.8;2.29;1752;;42;;;;;;;31
1097;Togo;2022;112;;;;;0.32;;2.29;1755;;;;;;;;;
1098;Tokelau;2017;;;;;;;;3.02;;40.6;;99;96.7;;;;;
1099;Tokelau;2018;;;;;;;;3.02;;42.9;;99;96.8;;;;;
1100;Tokelau;2019;;;;;;;;3.02;;34.8;;99;96.8;;;;;
1101;Tokelau;2020;;;;;;;;3.02;;27.4;;99;96.8;;;;;
1102;Tokelau;2021;;;;;;;;3.02;;;;;;;;;;
1103;Tokelau;2022;;;;;;;;3.02;;;;;;;;;;
1104;Tonga;2017;;;;;;0.11;6257;3.02;1922;44.5;;98.6;93.2;29.5;34.7;;;266
1105;Tonga;2018;;;;;;0.11;6287.9;3.02;1894;37.7;;98.7;93.1;29.5;34.4;;;310
1106;Tonga;2019;;;;;;0.11;6344.3;3.02;1894;20.9;;98.7;93;29.5;34.1;;;332
1107;Tonga;2020;;;;;;0.11;6357;3.02;1894;16.4;;98.7;92.9;29.5;33.8;;;365
1108;Tonga;2021;;;;;;0.11;6142.9;3.02;1899;;;;;;;;;366
1109;Tonga;2022;;;;;;0.11;;3.02;1899;;;;;;;;;
1110;Trinidad and Tobago;2017;113;88.6;85.3;43.7;100;0.27;26213.9;2.86;1877;8.5;8;98.9;93.8;;;;39;10
1111;Trinidad and Tobago;2018;112;89.2;85;43.7;100;0.27;25534.8;2.86;1879;9.9;8;98.9;93.9;;;;39;9
1112;Trinidad and Tobago;2019;111;88.8;85;44;100;0.27;25306.6;2.86;1881;11.3;17;98.9;93.9;;;;39;9
1113;Trinidad and Tobago;2020;111;88.8;84.7;43.7;100;0.27;23391.3;2.86;1880;11.5;26;98.9;93.9;;;;39;11
1114;Trinidad and Tobago;2021;111;;;;;0.27;23037.1;2.86;1880;;24;;;;;;;12
1115;Trinidad and Tobago;2022;113;;;;;0.27;;2.86;1880;;;;;;;;;
1116;Tunisia;2017;142;96.1;100;28.3;71.5;0.29;10874.9;1.99;1816;49.2;13;96;94.3;78.6;77.3;1.3;50;14
1117;Tunisia;2018;143;97.7;99.7;28;70.1;0.29;11043;1.99;1814;53.4;14;96.5;95.3;78.8;78.5;1.1;50;13
1118;Tunisia;2019;145;100.8;99.7;28;63.4;0.29;11100.8;1.99;1814;58;14;97;96.4;79.1;79.6;1.1;49;13
1119;Tunisia;2020;147;102;99.7;28;65.4;0.31;10050;1.99;1814;54.6;19;97.5;97.4;79.3;80.8;1.1;49;13
1120;Tunisia;2021;148;;;;;0.32;10397.9;1.99;1815;;21;;;;;;;14
1121;Tunisia;2022;148;;;;;0.31;;1.99;1816;;;;;;;;;
1122;Turkmenistan;2017;119;81.3;90.3;36.7;6.7;0.24;13703.5;2.59;1786;4.5;38;99;98.2;93.7;;1.6;58;7
1123;Turkmenistan;2018;119;79.4;90;36.7;12.3;0.24;14321.1;2.59;1785;13.5;33;99;98.6;94.8;;1.6;58;6
1124;Turkmenistan;2019;119;76.6;89.7;36;15.2;0.24;14992.6;2.59;1785;13.2;7;99;99;94.8;;;58;5
1125;Turkmenistan;2020;119;74.9;89.3;35.3;15.1;0.24;;2.59;1786;25.5;12;99;99;94.8;;;58;5
1126;Turkmenistan;2021;119;;;;;0.24;;2.59;1788;;11;;;;;;;5
1127;Turkmenistan;2022;119;;;;;0.24;;2.59;1791;;;;;;;;;
1128;Tuvalu;2017;;;;;;;4208.9;3.02;;0.8;;99;83.7;;6.1;;;16
1129;Tuvalu;2018;;;;;;;4268.2;3.02;;0.6;;99;83.7;;6.1;;;28
1130;Tuvalu;2019;;;;;;;4816.6;3.02;;0.9;;99;;;;;;163
1131;Tuvalu;2020;;;;;;;4839.6;3.02;;3.3;;99;;;;;;5178
1132;Tuvalu;2021;;;;;;;4924;3.02;;;;;;;;;;5735
1133;Tuvalu;2022;;;;;;;;3.02;;;;;;;;;;
1134;Türkiye;2017;154;121.3;109.3;36.7;0;0.22;27582.8;2.85;1859;23.7;33;96.6;97.6;;76.5;1.3;45;6
1135;Türkiye;2018;155;122.8;109.3;37.7;0.8;0.22;28158;2.85;1859;19.1;28;96.7;98.1;;77.7;1.3;45;6
1136;Türkiye;2019;157;125.1;110;38.3;8;0.22;28150.1;2.85;1860;11.5;29;96.9;98.7;;78.1;1.3;44;6
1137;Türkiye;2020;158;125.9;110.7;39;11.3;0.23;28473.2;2.85;1860;11.8;28;97;99;;78.4;1.3;44;6
1138;Türkiye;2021;159;;;;;0.25;31466.6;2.85;1862;;34;;;;;;;7
1139;Türkiye;2022;159;;;;;0.24;;2.85;1863;;;;;;;;;
1140;Uganda;2017;96;46.7;48.6;11;5.1;0.35;2128.4;1.19;1699;9.9;91;51;19.4;13.9;;;46;27
1141;Uganda;2018;96;46.5;47.3;10.7;5.4;0.36;2186.9;1.19;1704;8.7;92;52.6;19.5;14.8;;;46;26
1142;Uganda;2019;98;44.8;44.9;10.7;8.4;0.36;2250;2.5;1708;9.9;72;54.2;19.7;15.7;;;44;24
1143;Uganda;2020;100;44;46;11;8.9;0.36;2240.5;3;1712;9.6;67;55.9;19.8;16.6;;;43;22
1144;Uganda;2021;101;;;;;0.36;2246.4;2;1716;;83;;;;;;;21
1145;Uganda;2022;101;;;;;0.39;;1.2;1719;;;;;;;;;
1146;Ukraine;2017;123;80;87.3;37;-206.4;0.21;11860.6;2.29;1910;43.6;21;93.8;97.7;88.9;69.7;3.6;49;7
1147;Ukraine;2018;122;82.4;87.7;38.3;-201.2;0.21;12336.9;2.29;1912;46.4;20;93.9;97.7;88.9;72;3.6;48;7
1148;Ukraine;2019;120;84.8;87.7;40.7;-242.8;0.21;12805;2.29;1913;32.9;15;93.9;97.7;89;72;3.6;46;8
1149;Ukraine;2020;119;85.9;87.7;42.3;-334.7;0.23;12407.8;2.29;1914;27.8;7;93.9;97.7;89;72;3.6;45;8
1150;Ukraine;2021;118;;;;;0.23;12943.6;2.29;1916;;11;;;;;;;8
1151;Ukraine;2022;118;;;;;0.23;;2.29;1912;;;;;;;;;
1152;United Arab Emirates;2017;119;109.3;81.7;33.3;92.9;0.23;71182.4;3;2050;27.8;54;99;98.9;;95.9;;39;5
1153;United Arab Emirates;2018;120;112.2;82;34.3;97.9;0.23;71550.6;3;2048;19.2;57;99;99;;97.9;0.3;38;5
1154;United Arab Emirates;2019;122;119;82;35;100;0.23;71782.2;3;2044;8;46;99;99;;99;0.3;37;5
1155;United Arab Emirates;2020;123;124.2;82.7;36;100;0.23;67668.3;3;2042;14;35;99;99;;99;0.3;37;5
1156;United Arab Emirates;2021;126;;;;;0.23;69733.8;3;2040;;43;;;;;;;4
1157;United Arab Emirates;2022;131;;;;;0.23;;3;2040;;;;;;;;;
1158;United Kingdom of Great Britain and Northern Ireland;2017;136;139.1;104;58.7;3.8;0.2;46372.4;2.19;1911;16.7;29;99;99;99;98.1;6.7;33;11
1159;United Kingdom of Great Britain and Northern Ireland;2018;135;138.9;104.3;58.7;8.5;0.2;46878.1;2.19;1911;13.6;18;99;99;99;98.1;6.7;33;11
1160;United Kingdom of Great Britain and Northern Ireland;2019;135;141.3;103.3;58.3;12.1;0.2;47362.3;2.19;1912;8.7;22;99;99;99;98.1;6.7;33;11
1161;United Kingdom of Great Britain and Northern Ireland;2020;135;143;103.7;58;15.1;0.2;41984.1;2.19;1913;8.8;24;99;99;99;98.1;6.7;33;12
1162;United Kingdom of Great Britain and Northern Ireland;2021;137;;;;;0.21;44978.7;2.19;1914;;23;;;;;;;12
1163;United Kingdom of Great Britain and Northern Ireland;2022;138;;;;;0.21;;2.19;1916;;;;;;;;;
1164;United Republic of Tanzania;2017;111;55.5;60;11;6.6;0.35;2458.3;1.75;1671;11.9;9;56.7;28.6;;24.1;0.3;55;16
1165;United Republic of Tanzania;2018;111;54.6;60;11;3.6;0.36;2511;1.75;1674;16.5;15;58.5;30.1;;25.2;;56;16
1166;United Republic of Tanzania;2019;111;54.8;59.7;11;3.3;0.35;2577.7;1.75;1676;15.6;21;60.4;31.6;;26.2;;56;14
1167;United Republic of Tanzania;2020;111;54.4;59.7;11.3;2.6;0.36;2551.2;1.75;1678;12.7;17;60.7;31.8;;26.3;;57;11
1168;United Republic of Tanzania;2021;111;;;;;0.36;2581.7;1.75;1680;;19;;;;;;;11
1169;United Republic of Tanzania;2022;110;;;;;0.36;;1.75;1683;;;;;;;;;
1170;United States of America;2017;148;166.5;112;72;-20.8;0.17;59914.8;1.86;1957;35.8;9;99;99;96.8;98.3;1.5;24;8
1171;United States of America;2018;149;171;113.3;73;-22.8;0.17;61355.6;1.86;1958;26.5;9;99;99;97;98.3;1.5;24;8
1172;United States of America;2019;150;176.4;114.7;74.3;-23;0.17;62478.3;1.86;1958;25.6;12;99;99;97.1;98.3;1.5;24;8
1173;United States of America;2020;151;181.7;116.3;75.3;-23.2;0.17;60167.9;1.86;1959;34.9;18;99;99;97.3;98.3;1.5;24;8
1174;United States of America;2021;152;;;;;0.17;63669.7;1.86;1960;;15;;;;;;;9
1175;United States of America;2022;153;;;;;0.17;;1.86;1960;;;;;;;;;
1176;Uruguay;2017;131;105.9;83.7;44;-105.1;0.17;23107;2.55;1862;69.5;47;99;97.2;;;0.9;39;12
1177;Uruguay;2018;132;107.2;84;44.3;-109.9;0.17;23184.6;2.55;1864;64.8;44;99;97.5;;;0.9;39;13
1178;Uruguay;2019;134;111.2;87;47.7;-95.6;0.17;23256.6;2.55;1867;117.5;33;99;97.8;;;0.9;38;13
1179;Uruguay;2020;135;113.4;89;49.3;-113.1;0.17;21828.6;2.55;1870;113.9;10;99;98.1;;;0.9;38;14
1180;Uruguay;2021;137;;;;;0.17;22800.7;2.55;1874;;11;;;;;;;14
1181;Uruguay;2022;138;;;;;0.17;;2.55;1877;;;;;;;;;
1182;Uzbekistan;2017;136;90.3;99;41;20.2;0.23;6840.7;2.81;1836;20.7;36;97.8;99;58.9;;1;50;13
1183;Uzbekistan;2018;136;90.3;99.3;42;25;0.23;7082.9;2.81;1833;20.9;70;97.8;99;58.9;;1;50;13
1184;Uzbekistan;2019;136;90.5;100.4;43.3;26.4;0.23;7348.1;2.81;1830;22.1;77;97.8;99;58.8;;1.1;50;13
1185;Uzbekistan;2020;137;91.2;102.4;45;29.1;0.25;7344.2;2.81;1826;25.8;61;97.8;99;58.8;;1.1;50;14
1186;Uzbekistan;2021;138;;;;;0.26;7734.8;2.81;1824;;41;;;;;;;16
1187;Uzbekistan;2022;139;;;;;0.26;;2.81;1823;;;;;;;;;
1188;Vanuatu;2017;122;108;67;27;88.7;0.31;3031.2;1.66;1685;39.4;54;91.3;52.9;;;;48;146
1189;Vanuatu;2018;122;107.5;66.7;27;86.4;0.31;3045;1.66;1684;34.9;48;91.2;52.7;;;;49;124
1190;Vanuatu;2019;123;107.3;66.3;26.3;100;0.31;3070.4;1.66;1684;15.3;20;91.2;52.7;;;;49;127
1191;Vanuatu;2020;122;105.9;65;25.3;100;0.31;2836.8;1.66;1684;16.7;20;91.2;52.7;;;;50;120
1192;Vanuatu;2021;124;;;;;0.32;2783;1.66;1688;;27;;;;;;;140
1193;Vanuatu;2022;125;;;;;0.32;;1.66;1693;;;;;;;;;
1194;Venezuela (Bolivarian Republic of);2017;102;84;58.3;27.3;65.9;0.22;;2.32;1817;12;237;94.2;95.2;;22.4;;40;15
1195;Venezuela (Bolivarian Republic of);2018;96;79.4;53.7;23.7;62.4;0.22;;2.32;1814;14.5;249;94;95.4;;22.6;;40;13
1196;Venezuela (Bolivarian Republic of);2019;96;79.4;53.4;22.7;65.8;0.22;;2.32;1813;16.1;236;93.9;95.6;;22.9;;41;13
1197;Venezuela (Bolivarian Republic of);2020;96;80;52.6;23;61.2;0.24;;2.32;1814;10.9;132;93.7;95.8;;23.1;;40;16
1198;Venezuela (Bolivarian Republic of);2021;98;;;;;0.23;;2.32;1817;;136;;;;;;;27
1199;Venezuela (Bolivarian Republic of);2022;100;;;;;0.2;;2.32;1821;;;;;;;;;
1200;Viet Nam;2017;125;73.6;82.7;31.3;5.2;0.28;9050.7;2.15;1783;5.6;28;94.8;84.3;;;0.7;60;6
1201;Viet Nam;2018;126;75.5;84.3;32;8.4;0.28;9636;2.15;1783;7.2;16;95.5;86;;;0.7;59;6
1202;Viet Nam;2019;127;76.5;85.3;33;8.6;0.28;10252;2.15;1783;6.6;15;96.2;87.7;;;0.7;58;5
1203;Viet Nam;2020;129;78.5;86.7;34.3;10.3;0.29;10450.6;2.15;1783;6.3;8;96.9;89.2;;;1;56;5
1204;Viet Nam;2021;131;;;;;0.29;10628.2;2.15;1784;;17;;;;;;;6
1205;Viet Nam;2022;131;;;;;0.29;;2.15;1784;;;;;;;;;
1206;Yemen;2017;92;38;51.3;10;94.3;0.37;;2.56;1695;9.4;143;57.8;52.6;;18;;66;211
1207;Yemen;2018;91;38.7;50.7;9.7;96.3;0.37;;2.56;1698;10.4;132;58.8;53.1;;18.3;;66;236
1208;Yemen;2019;93;40;52;10;94;0.36;;2.56;1701;8.3;90;59.7;53.6;;18.6;;66;183
1209;Yemen;2020;95;42.4;53;10.7;92.8;0.37;;2.56;1704;6.5;44;60.7;54.1;;18.8;;65;232
1210;Yemen;2021;97;;;;;0.37;;2.56;1708;;82;;;;;;;259
1211;Yemen;2022;98;;;;;0.36;;2.56;1712;;;;;;;;;
1212;Zambia;2017;101;51;59;13.7;-23.9;0.36;3395.5;1.53;1700;16.4;13;63;30.6;;;0.2;70;5
1213;Zambia;2018;103;50.8;58.3;13.7;-9.7;0.37;3425.9;1.53;1704;17.7;20;63.8;31.1;;;0.2;71;4
1214;Zambia;2019;103;50.1;55.6;13.7;-1.9;0.37;3372.4;1.53;1708;16.9;21;64.6;31.5;;;0.2;72;4
1215;Zambia;2020;103;49.2;54.3;13;-0.1;0.37;3183.7;1.53;1713;15.7;21;65.4;31.9;;;;73;4
1216;Zambia;2021;102;;;;;0.37;3236.8;1.53;1716;;30;;;;;;;5
1217;Zambia;2022;101;;;;;0.33;;1.53;1720;;;;;;;;;
1218;Zimbabwe;2017;95;68.6;58;26;48;0.32;2331.8;2.13;1736;26.4;60;64;36.9;30;26.6;;53;25
1219;Zimbabwe;2018;94;66.9;57.7;25.3;35.3;0.32;2399.6;2.13;1739;19.7;53;63.5;36.4;29.8;26.3;0.8;53;20
1220;Zimbabwe;2019;92;63.6;55.6;25;56.9;0.31;2203.4;2.13;1743;5.6;22;63.1;35.8;29.7;26;0.8;53;13
1221;Zimbabwe;2020;91;63.3;54.7;24.7;60.3;0.31;1990.3;2.13;1747;5.6;20;62.7;35.2;29.5;25.7;0.8;53;14
1222;Zimbabwe;2021;91;;;;;0.31;2115.1;2.13;1750;;21;;;;;;;15
1223;Zimbabwe;2022;91;;;;;0.29;;2.13;1755;;;;;;;;;
;200;;;;;;;;;;;;;;;;;;;
